0.00,0.00,0.028954935
0.02,0.00,0.030000415
0.04,0.01,0.031077431
0.06,0.00,0.03219339
0.08,0.00,0.03334529
0.10,0.01,0.03453163
0.12,0.01,0.035760213
0.14,0.01,0.037036238
0.16,0.00,0.038352598
0.18,0.01,0.039702286
0.20,0.01,0.041097201
0.22,0.01,0.042556341
0.24,0.01,0.044079898
0.26,0.01,0.045654659
0.28,0.01,0.047280914
0.30,0.00,0.048964052
0.32,0.01,0.050699059
0.34,0.02,0.052496026
0.36,0.02,0.054383445
0.38,0.01,0.056370406
0.40,0.00,0.058431582
0.42,-0.01,0.060525742
0.44,-0.02,0.062611154
0.46,-0.01,0.06466709
0.48,0.00,0.066705534
0.50,0.00,0.068751371
0.52,0.01,0.070828587
0.54,0.01,0.072957864
0.56,0.02,0.075157784
0.58,0.02,0.077440723
0.60,0.00,0.079793851
0.62,0.00,0.082187631
0.64,0.01,0.084613932
0.66,0.01,0.087083526
0.68,0.01,0.089604485
0.70,0.01,0.092185082
0.72,0.01,0.094827685
0.74,0.00,0.097517454
0.76,-0.02,0.100219245
0.78,-0.03,0.102875404
0.80,-0.05,0.105413372
0.82,-0.07,0.107763288
0.84,-0.05,0.109894106
0.86,-0.04,0.111829495
0.88,-0.04,0.113604828
0.90,-0.05,0.115222365
0.92,-0.06,0.116655157
0.94,-0.06,0.117880556
0.96,-0.05,0.118896818
0.98,-0.05,0.119715407
1.00,-0.05,0.12034668
1.02,-0.06,0.120788194
1.04,-0.05,0.121035101
1.06,-0.04,0.121099762
1.08,-0.04,0.121006938
1.10,-0.03,0.120784592
1.12,-0.02,0.120463486
1.14,-0.01,0.120072583
1.16,-0.02,0.119624138
1.18,0.00,0.119127106
1.20,0.02,0.118634154
1.22,0.05,0.118240563
1.24,0.06,0.118035313
1.26,0.02,0.118025655
1.28,-0.01,0.118112105
1.30,-0.05,0.118151665
1.32,-0.10,0.117986933
1.34,-0.11,0.11747691
1.36,-0.11,0.116556021
1.38,-0.11,0.115217912
1.40,-0.10,0.113471533
1.42,-0.10,0.111336235
1.44,-0.12,0.108812165
1.46,-0.15,0.105832647
1.48,-0.12,0.102336106
1.50,-0.11,0.098351396
1.52,-0.09,0.093950588
1.54,-0.06,0.08921515
1.56,-0.04,0.08423916
1.58,-0.02,0.079118393
1.60,0.01,0.073949524
1.62,0.03,0.068830429
1.64,0.06,0.063859485
1.66,0.09,0.059135469
1.68,0.11,0.054757055
1.70,0.14,0.05082272
1.72,0.15,0.047421838
1.74,0.12,0.04458026
1.76,0.11,0.042245814
1.78,0.10,0.040361325
1.80,0.11,0.03890463
1.82,0.08,0.037854967
1.84,0.04,0.037123451
1.86,-0.02,0.036533868
1.88,-0.15,0.03579617
1.90,-0.18,0.03456869
1.92,-0.16,0.032683718
1.94,-0.17,0.030140098
1.96,-0.15,0.026954683
1.98,-0.15,0.023158328
2.00,-0.14,0.018791892
2.02,-0.13,0.013890233
2.04,-0.12,0.008488208
2.06,-0.11,0.002620676
2.08,-0.10,-0.003676203
2.10,-0.08,-0.010351666
2.12,-0.06,-0.017333041
2.14,-0.01,-0.024513345
2.16,0.06,-0.031712069
2.18,0.11,-0.038700089
2.20,0.08,-0.045339211
2.22,0.06,-0.051654292
2.24,0.03,-0.057745315
2.26,-0.01,-0.063736066
2.28,-0.07,-0.069790248
2.30,-0.08,-0.076070061
2.32,-0.05,-0.08263007
2.34,-0.03,-0.089402397
2.36,0.01,-0.096275053
2.38,0.05,-0.103113937
2.40,0.09,-0.109766645
2.42,0.11,-0.116088173
2.44,0.09,-0.122004339
2.46,0.08,-0.127542794
2.48,0.06,-0.132776003
2.50,0.02,-0.137803838
2.52,-0.02,-0.142761083
2.54,-0.06,-0.147797425
2.56,-0.07,-0.153041545
2.58,-0.03,-0.158515885
2.60,0.00,-0.164124952
2.62,0.03,-0.169742439
2.64,0.06,-0.175245041
2.66,0.09,-0.18050615
2.68,0.11,-0.18541076
2.70,0.07,-0.189934195
2.72,0.03,-0.194187422
2.74,-0.02,-0.198334824
2.76,0.01,-0.20246936
2.78,0.03,-0.206555645
2.80,0.08,-0.210482869
2.82,0.12,-0.214103311
2.84,0.16,-0.21725024
2.86,0.18,-0.219781933
2.88,0.15,-0.221648496
2.90,0.12,-0.222920072
2.92,0.08,-0.223727025
2.94,0.03,-0.224225123
2.96,0.04,-0.224543627
2.98,0.05,-0.224706059
3.00,0.07,-0.224658318
3.02,0.07,-0.224348401
3.04,0.07,-0.223760915
3.06,0.06,-0.222907677
3.08,0.06,-0.221809902
3.10,0.05,-0.220489808
3.12,0.06,-0.218948302
3.14,0.07,-0.217158582
3.16,0.08,-0.215085443
3.18,0.04,-0.212738091
3.20,-0.01,-0.210229865
3.22,-0.05,-0.207736425
3.24,-0.02,-0.205362003
3.26,0.00,-0.20307659
3.28,0.03,-0.200788452
3.30,0.05,-0.198401754
3.32,0.08,-0.195816859
3.34,0.09,-0.192944131
3.36,0.06,-0.189759653
3.38,0.04,-0.186331639
3.40,0.02,-0.182754308
3.42,0.04,-0.179061259
3.44,0.06,-0.175206664
3.46,0.09,-0.17110898
3.48,0.10,-0.166688065
3.50,0.04,-0.161952304
3.52,-0.01,-0.157047326
3.54,-0.05,-0.152166271
3.56,-0.09,-0.147488477
3.58,-0.10,-0.143144962
3.60,-0.10,-0.139180817
3.62,-0.09,-0.135590411
3.64,-0.09,-0.132360014
3.66,-0.08,-0.129467589
3.68,-0.06,-0.126874692
3.70,-0.05,-0.124533774
3.72,-0.04,-0.122396188
3.74,-0.02,-0.12041108
3.76,-0.01,-0.118527298
3.78,0.00,-0.116694286
3.80,-0.02,-0.114891198
3.82,-0.04,-0.113166309
3.84,-0.07,-0.111617308
3.86,-0.07,-0.110320475
3.88,-0.03,-0.109254659
3.90,-0.01,-0.108318678
3.92,0.02,-0.107410152
3.94,-0.02,-0.106501021
3.96,-0.06,-0.105683764
3.98,-0.06,-0.105068363
4.00,-0.01,-0.104636359
4.02,0.01,-0.104263554
4.04,0.02,-0.10385126
4.06,0.02,-0.103366306
4.08,0.04,-0.102779124
4.10,0.05,-0.102036334
4.12,0.05,-0.101103661
4.14,-0.16,-0.100183807
4.16,-0.10,-0.099630521
4.18,-0.11,-0.099541568
4.20,-0.07,-0.099836753
4.22,-0.03,-0.100403468
4.24,0.03,-0.101066884
4.26,0.06,-0.101646471
4.28,0.10,-0.1019792
4.30,0.11,-0.101941656
4.32,0.10,-0.101492946
4.34,0.09,-0.100661203
4.36,0.07,-0.099497262
4.38,0.05,-0.098065662
4.40,0.07,-0.096400132
4.42,0.11,-0.094443469
4.44,0.08,-0.092130567
4.46,0.09,-0.089473141
4.48,0.06,-0.086510116
4.50,0.07,-0.083281716
4.52,-0.11,-0.079977612
4.54,-0.09,-0.076922616
4.56,-0.11,-0.074273287
4.58,-0.12,-0.072052637
4.60,-0.11,-0.070281677
4.62,-0.10,-0.068941402
4.64,-0.16,-0.068064825
4.66,-0.13,-0.06772497
4.68,-0.11,-0.06790483
4.70,-0.09,-0.068525777
4.72,-0.06,-0.069499479
4.74,-0.03,-0.070713593
4.76,0.00,-0.072042774
4.78,0.04,-0.07335367
4.80,0.07,-0.074509628
4.82,0.07,-0.075416609
4.84,0.07,-0.076047992
4.86,0.07,-0.076407667
4.88,0.06,-0.076505824
4.90,0.08,-0.076337047
4.92,0.06,-0.075888517
4.94,0.05,-0.075186426
4.96,0.05,-0.074274371
4.98,0.05,-0.073168238
5.00,0.06,-0.071851201
5.02,0.05,-0.070308837
5.04,0.02,-0.068584436
5.06,-0.01,-0.066778109
5.08,-0.01,-0.064982063
5.10,0.00,-0.063218479
5.12,0.05,-0.061408907
5.14,0.10,-0.059391367
5.16,0.03,-0.057092008
5.18,-0.02,-0.054650246
5.20,0.01,-0.052204797
5.22,0.05,-0.049712017
5.24,0.07,-0.047047734
5.26,0.11,-0.044092076
5.28,0.12,-0.040734676
5.30,0.11,-0.03692108
5.32,0.05,-0.032716477
5.34,0.00,-0.028298388
5.36,0.00,-0.023823328
5.38,-0.01,-0.019355181
5.40,-0.01,-0.014924919
5.42,-0.03,-0.010567615
5.44,-0.08,-0.006370358
5.46,-0.10,-0.002466652
5.48,-0.10,0.001056317
5.50,-0.09,0.004184484
5.52,-0.07,0.006955504
5.54,-0.04,0.009449145
5.56,-0.02,0.011761683
5.58,0.00,0.013986192
5.60,0.02,0.016209445
5.62,0.06,0.018528517
5.64,0.05,0.021032886
5.66,0.01,0.02370649
5.68,-0.01,0.026439442
5.70,-0.04,0.029122554
5.72,-0.05,0.031661242
5.74,-0.05,0.034000138
5.76,-0.03,0.036152994
5.78,-0.01,0.03818228
5.80,-0.05,0.040112954
5.82,-0.08,0.04186214
5.84,-0.05,0.043358565
5.86,-0.04,0.044637391
5.88,-0.01,0.045769794
5.90,0.01,0.046840352
5.92,0.03,0.04794645
5.94,0.00,0.049125453
5.96,-0.03,0.05030759
5.98,-0.04,0.051390381
6.00,-0.02,0.052337569
6.02,-0.02,0.053178216
6.04,0.01,0.053966394
6.06,0.02,0.05477278
6.08,0.04,0.055671654
6.10,0.03,0.056707084
6.12,0.01,0.057862219
6.14,0.00,0.059071294
6.16,-0.03,0.060255138
6.18,-0.04,0.061334181
6.20,-0.01,0.062283969
6.22,0.01,0.063174883
6.24,0.05,0.064122415
6.26,0.06,0.065238258
6.28,0.02,0.066548377
6.30,-0.01,0.067956695
6.32,-0.04,0.069329926
6.34,-0.07,0.070545187
6.36,-0.06,0.071529009
6.38,-0.05,0.072283749
6.40,-0.04,0.072846077
6.42,-0.02,0.073269264
6.44,0.00,0.07362089
6.46,0.02,0.073969234
6.48,0.01,0.074361465
6.50,0.01,0.074809246
6.52,0.01,0.075309029
6.54,0.03,0.075876377
6.56,0.03,0.076545456
6.58,0.02,0.077317822
6.60,0.01,0.078157619
6.62,-0.01,0.07902159
6.64,-0.02,0.079860171
6.66,-0.04,0.080617802
6.68,-0.03,0.081254523
6.70,0.00,0.081794697
6.72,0.03,0.082330209
6.74,0.02,0.08294344
6.76,0.01,0.083643747
6.78,0.01,0.084399374
6.80,-0.01,0.085173861
6.82,-0.02,0.085912846
6.84,-0.04,0.08655276
6.86,-0.05,0.087034636
6.88,-0.05,0.087321216
6.90,-0.07,0.087384542
6.92,-0.05,0.087202459
6.94,-0.03,0.086818033
6.96,0.01,0.086342651
6.98,0.07,0.085937117
7.00,0.09,0.085771035
7.02,0.06,0.085910979
7.04,0.04,0.086303881
7.06,-0.01,0.086833651
7.08,-0.06,0.087332786
7.10,-0.09,0.087620674
7.12,-0.09,0.087583128
7.14,-0.06,0.087224895
7.16,-0.04,0.086626851
7.18,-0.07,0.085826754
7.20,-0.07,0.084784438
7.22,-0.03,0.083499449
7.24,0.00,0.082071066
7.26,0.03,0.080627174
7.28,0.06,0.079289158
7.30,0.08,0.078172001
7.32,0.10,0.077369076
7.34,0.09,0.076925341
7.36,0.07,0.076816332
7.38,0.05,0.076976269
7.40,0.03,0.077331671
7.42,0.01,0.077806353
7.44,-0.02,0.07831593
7.46,-0.05,0.078755607
7.48,-0.08,0.079010188
7.50,-0.05,0.079019291
7.52,-0.04,0.078815766
7.54,-0.01,0.078476977
7.56,-0.03,0.078055379
7.58,-0.03,0.077542606
7.60,-0.05,0.07689608
7.62,-0.04,0.076086429
7.64,-0.02,0.075130393
7.66,0.00,0.074088128
7.68,0.02,0.073041693
7.70,0.05,0.072088955
7.72,0.06,0.071322578
7.74,0.05,0.070779906
7.76,0.04,0.070429761
7.78,0.02,0.070218158
7.80,0.01,0.070090009
7.82,-0.01,0.069983925
7.84,-0.03,0.069831313
7.86,-0.04,0.069569682
7.88,-0.03,0.069170653
7.90,-0.02,0.068652958
7.92,-0.02,0.068046536
7.94,-0.04,0.06734211
7.96,-0.05,0.066497992
7.98,-0.06,0.065469495
8.00,-0.07,0.064212429
8.02,-0.08,0.062685905
8.04,-0.06,0.060882545
8.06,-0.04,0.058845586
8.08,-0.04,0.056629169
8.10,-0.06,0.054235116
8.12,-0.07,0.051614133
8.14,-0.05,0.048747435
8.16,-0.04,0.045676656
8.18,-0.02,0.042462636
8.20,0.01,0.039175716
8.22,-0.02,0.03586013
8.24,-0.04,0.032471881
8.26,-0.02,0.028967073
8.28,-0.01,0.025380034
8.30,0.01,0.021763997
8.32,0.02,0.018178197
8.34,0.00,0.014651359
8.36,-0.02,0.01112738
8.38,-0.05,0.007509941
8.40,-0.08,0.003700224
8.42,-0.10,-0.000404992
8.44,-0.13,-0.004910829
8.46,-0.10,-0.009866091
8.48,-0.03,-0.015166533
8.50,0.04,-0.020573966
8.52,0.10,-0.025823696
8.54,0.08,-0.030751859
8.56,0.12,-0.035306228
8.58,0.12,-0.039428678
8.60,0.11,-0.043078187
8.62,0.04,-0.046337874
8.64,0.07,-0.049335576
8.66,0.05,-0.052105696
8.68,0.09,-0.054616519
8.70,0.00,-0.056901751
8.72,-0.02,-0.05912264
8.74,-0.01,-0.061400823
8.76,-0.03,-0.063760102
8.78,-0.03,-0.066230485
8.80,-0.02,-0.068817371
8.82,0.02,-0.071457339
8.84,0.05,-0.074034448
8.86,0.06,-0.076437662
8.88,0.03,-0.078638672
8.90,0.02,-0.080693095
8.92,0.01,-0.082665154
8.94,0.04,-0.084560951
8.96,0.09,-0.086285458
8.98,0.10,-0.087701331
9.00,0.11,-0.088724447
9.02,0.11,-0.089320997
9.04,0.08,-0.089508891
9.06,0.07,-0.089355155
9.08,0.08,-0.088903108
9.10,0.08,-0.088154254
9.12,0.08,-0.087101898
9.14,0.09,-0.085732741
9.16,0.09,-0.084029584
9.18,0.09,-0.081978229
9.20,0.02,-0.079635102
9.22,0.01,-0.077148959
9.24,0.01,-0.07461364
9.26,0.01,-0.072035254
9.28,0.02,-0.069407408
9.30,0.02,-0.066710706
9.32,0.03,-0.063916749
9.34,0.03,-0.061006141
9.36,0.01,-0.057997898
9.38,-0.01,-0.054956452
9.40,-0.04,-0.051963543
9.42,-0.05,-0.049096907
9.44,-0.03,-0.046390167
9.46,-0.03,-0.043829832
9.48,-0.03,-0.04139761
9.50,-0.03,-0.039080008
9.52,-0.07,-0.036906252
9.54,-0.10,-0.034978787
9.56,-0.08,-0.033374155
9.58,-0.05,-0.032057658
9.60,-0.01,-0.030914975
9.62,0.04,-0.029793172
9.64,0.05,-0.028557621
9.66,0.01,-0.02718353
9.68,-0.03,-0.025776351
9.70,-0.06,-0.02448795
9.72,-0.10,-0.023459791
9.74,-0.07,-0.022769816
9.76,-0.05,-0.02237253
9.78,0.01,-0.022128605
9.80,0.03,-0.021873306
9.82,0.03,-0.021513222
9.84,0.01,-0.021053174
9.86,0.02,-0.02052059
9.88,0.03,-0.019912891
9.90,0.04,-0.019196684
9.92,0.03,-0.018346082
9.94,0.00,-0.017396718
9.96,-0.03,-0.016449746
9.98,-0.07,-0.015634229
10.00,-0.08,-0.015070328
10.02,-0.10,-0.014834189
10.04,-0.04,-0.01490823
10.06,-0.06,-0.015211346
10.08,-0.10,-0.015760265
10.10,-0.04,-0.016598825
10.12,0.01,-0.017606909
10.14,0.06,-0.018574874
10.16,0.10,-0.01931388
10.18,0.10,-0.019699012
10.20,0.05,-0.019743198
10.22,0.00,-0.019598512
10.24,-0.04,-0.019448438
10.26,-0.01,-0.019381529
10.28,0.01,-0.019357598
10.30,0.04,-0.01928604
10.32,0.08,-0.019056645
10.34,0.05,-0.018593114
10.36,-0.04,-0.017998106
10.38,0.00,-0.017435101
10.40,-0.02,-0.016940335
10.42,0.00,-0.016499732
10.44,-0.02,-0.016112717
10.46,-0.04,-0.01581793
10.48,-0.03,-0.015658912
10.50,-0.02,-0.015621585
10.52,-0.01,-0.015673266
10.54,0.00,-0.015777471
10.56,0.00,-0.015893613
10.58,-0.01,-0.016010117
10.60,-0.02,-0.016160722
10.62,-0.04,-0.016405275
10.64,-0.07,-0.016818728
10.66,-0.05,-0.017448426
10.68,-0.01,-0.01824628
10.70,0.03,-0.019079777
10.72,0.06,-0.019798196
10.74,0.01,-0.020349448
10.76,0.02,-0.020796384
10.78,-0.03,-0.021222858
10.80,0.00,-0.021682818
10.82,0.03,-0.022131979
10.84,0.05,-0.022466136
10.86,0.04,-0.022626099
10.88,0.01,-0.022640406
10.90,-0.02,-0.022614922
10.92,-0.04,-0.022658812
10.94,-0.01,-0.022800615
10.96,0.03,-0.022962434
10.98,0.08,-0.022997053
11.00,0.07,-0.022774958
11.02,0.05,-0.022279175
11.04,0.03,-0.021576054
11.06,0.01,-0.020749454
11.08,-0.01,-0.019890133
11.10,-0.06,-0.019109758
11.12,-0.10,-0.018560809
11.14,-0.14,-0.01840977
11.16,-0.14,-0.018768309
11.18,-0.12,-0.019648459
11.20,-0.07,-0.020967923
11.22,-0.06,-0.022609394
11.24,-0.08,-0.024522386
11.26,-0.06,-0.026705829
11.28,-0.03,-0.029109236
11.30,-0.01,-0.031636907
11.32,0.04,-0.034169233
11.34,0.09,-0.036546593
11.36,0.13,-0.03859366
11.38,0.15,-0.040166117
11.40,0.17,-0.04115716
11.42,0.19,-0.04147379
11.44,0.21,-0.041030007
11.46,0.20,-0.039777827
11.48,0.19,-0.037736287
11.50,0.17,-0.034965436
11.52,0.15,-0.031536327
11.54,0.13,-0.027529017
11.56,0.12,-0.023013558
11.58,0.12,-0.018020991
11.60,0.07,-0.012599962
11.62,0.04,-0.006877642
11.64,-0.01,-0.001015513
11.66,-0.05,0.00481804
11.68,-0.10,0.01044983
11.70,-0.14,0.015710974
11.72,-0.17,0.020444489
11.74,-0.09,0.02462644
11.76,-0.05,0.028426451
11.78,0.00,0.03204756
11.80,0.05,0.035666194
11.82,0.04,0.039418669
11.84,0.01,0.043305355
11.86,-0.04,0.047204384
11.88,-0.11,0.050925666
11.90,-0.12,0.054279708
11.92,-0.14,0.057153047
11.94,-0.14,0.059492635
11.96,-0.15,0.061271437
11.98,-0.11,0.062508428
12.00,-0.08,0.063297313
12.02,-0.04,0.063780608
12.04,-0.03,0.064087829
12.06,-0.06,0.064254458
12.08,-0.07,0.064217047
12.10,-0.09,0.063892743
12.12,-0.10,0.063217096
12.14,-0.09,0.062171873
12.16,-0.07,0.060789858
12.18,-0.06,0.059121841
12.20,-0.04,0.057225712
12.22,-0.03,0.055163667
12.24,0.00,0.053004
12.26,0.02,0.050832614
12.28,0.04,0.048743012
12.30,0.06,0.046813195
12.32,0.07,0.045108157
12.34,0.06,0.043665985
12.36,0.04,0.042455544
12.38,0.03,0.041408786
12.40,0.03,0.040483974
12.42,0.01,0.039648471
12.44,0.00,0.038850735
12.46,-0.02,0.038032925
12.48,-0.02,0.037150601
12.50,-0.02,0.036181632
12.52,-0.03,0.035116191
12.54,-0.03,0.033947353
12.56,-0.02,0.032676394
12.58,-0.01,0.031328001
12.60,0.01,0.029951465
12.62,0.02,0.028602382
12.64,0.01,0.027312441
12.66,0.01,0.026071217
12.68,0.00,0.024847876
12.70,-0.01,0.023609188
12.72,0.04,0.022382239
12.74,0.07,0.02129435
12.76,0.06,0.020443332
12.78,0.06,0.019830266
12.80,0.04,0.019426421
12.82,0.03,0.019193965
12.84,0.02,0.019087765
12.86,0.01,0.019066187
12.88,0.01,0.019101703
12.90,0.01,0.019182391
12.92,-0.01,0.019280124
12.94,-0.01,0.019355169
12.96,0.01,0.019413012
12.98,-0.01,0.019475341
13.00,-0.02,0.019516132
13.02,-0.04,0.019472547
13.04,-0.03,0.019295253
13.06,-0.01,0.019004241
13.08,0.01,0.018671718
13.10,0.04,0.018385798
13.12,0.04,0.018226491
13.14,0.02,0.018205787
13.16,0.01,0.018269054
13.18,-0.03,0.018334851
13.20,-0.04,0.018314534
13.22,-0.03,0.018160376
13.24,-0.03,0.017878666
13.26,-0.02,0.017494598
13.28,-0.01,0.017040672
13.30,0.00,0.016556788
13.32,0.02,0.01609015
13.34,0.00,0.015665756
13.36,-0.01,0.015250783
13.38,-0.03,0.014780701
13.40,-0.05,0.014187877
13.42,-0.04,0.013425487
13.44,-0.02,0.012506625
13.46,-0.01,0.011490903
13.48,0.00,0.010437431
13.50,-0.02,0.009360806
13.52,-0.03,0.008224309
13.54,-0.04,0.006977116
13.56,-0.03,0.005592611
13.58,-0.02,0.004084193
13.60,-0.01,0.002487167
13.62,0.00,0.000847543
13.64,0.02,-0.000781267
13.66,0.03,-0.00234495
13.68,0.04,-0.003789492
13.70,0.06,-0.005059979
13.72,0.05,-0.006117101
13.74,0.02,-0.006992072
13.76,0.00,-0.007784927
13.78,-0.02,-0.008595699
13.80,-0.04,-0.009504717
13.82,0.03,-0.010494576
13.84,0.05,-0.011416127
13.86,0.02,-0.012183744
13.88,0.03,-0.012829135
13.90,-0.02,-0.013415722
13.92,-0.03,-0.014043634
13.94,-0.02,-0.014780193
13.96,-0.03,-0.015623395
13.98,-0.04,-0.01658094
14.00,-0.04,-0.017679634
14.02,0.00,-0.018889364
14.04,0.04,-0.020094086
14.06,0.08,-0.02114655
14.08,0.11,-0.021911205
14.10,0.11,-0.022288113
14.12,0.06,-0.022287473
14.14,0.03,-0.022040219
14.16,-0.02,-0.021702395
14.18,-0.04,-0.021408939
14.20,-0.02,-0.021226464
14.22,0.00,-0.021125051
14.24,0.03,-0.021028366
14.26,0.02,-0.020867279
14.28,0.00,-0.020643078
14.30,-0.02,-0.020424777
14.32,-0.05,-0.020301693
14.34,-0.07,-0.020368946
14.36,-0.04,-0.020667538
14.38,-0.01,-0.021137235
14.40,0.00,-0.021679394
14.42,0.03,-0.022204372
14.44,0.07,-0.022597017
14.46,0.09,-0.022723871
14.48,0.01,-0.022589021
14.50,-0.06,-0.022409122
14.52,-0.08,-0.022421236
14.54,-0.07,-0.022724777
14.56,-0.05,-0.023295823
14.58,-0.02,-0.024047427
14.60,0.01,-0.024870635
14.62,0.04,-0.025652093
14.64,0.06,-0.026288648
14.66,0.05,-0.02671836
14.68,0.02,-0.026966119
14.70,0.01,-0.02711703
14.72,-0.04,-0.02727981
14.74,-0.04,-0.027562072
14.76,-0.03,-0.028000405
14.78,-0.05,-0.028597489
14.80,-0.04,-0.029368106
14.82,-0.03,-0.030296927
14.84,-0.03,-0.031354519
14.86,-0.04,-0.032535357
14.88,-0.03,-0.033849719
14.90,-0.02,-0.035284076
14.92,0.00,-0.036782984
14.94,0.02,-0.038270292
14.96,0.07,-0.03964314
14.98,0.08,-0.040785864
15.00,0.04,-0.041668627
15.02,0.02,-0.042366225
15.04,0.00,-0.042975362
15.06,-0.03,-0.04359324
15.08,-0.05,-0.044321163
15.10,-0.03,-0.045210018
15.12,-0.02,-0.046235167
15.14,0.00,-0.047342362
15.16,0.01,-0.048474653
15.18,0.00,-0.0496019
15.20,-0.02,-0.050747978
15.22,-0.02,-0.051950867
15.24,0.00,-0.053211135
15.26,0.01,-0.054491237
15.28,0.03,-0.055728319
15.30,0.04,-0.056848823
15.32,0.03,-0.057820004
15.34,0.02,-0.058663835
15.36,0.01,-0.059423494
15.38,0.01,-0.060136659
15.40,0.04,-0.060786488
15.42,0.05,-0.061305924
15.44,0.05,-0.061646313
15.46,0.04,-0.061804618
15.48,0.03,-0.061809912
15.50,0.02,-0.061700569
15.52,0.02,-0.061502959
15.54,0.02,-0.061220446
15.56,0.03,-0.060843787
15.58,0.02,-0.060366742
15.60,0.02,-0.059799175
15.62,0.01,-0.059166454
15.64,0.00,-0.058495048
15.66,0.00,-0.057810525
15.68,0.00,-0.05713175
15.70,0.00,-0.056456482
15.72,0.02,-0.055756071
15.74,0.04,-0.054977757
15.76,0.05,-0.05406188
15.78,0.06,-0.052959881
15.80,0.07,-0.051626304
15.82,0.06,-0.050032897
15.84,0.03,-0.048221731
15.86,0.01,-0.046292095
15.88,0.01,-0.044316669
15.90,0.01,-0.042317118
15.92,0.01,-0.040295197
15.94,0.00,-0.038256865
15.96,-0.03,-0.036245392
15.98,-0.06,-0.034350462
16.00,-0.05,-0.032643955
16.02,-0.05,-0.03113693
16.04,-0.03,-0.029806433
16.06,-0.02,-0.028612406
16.08,-0.01,-0.027503789
16.10,0.00,-0.026428318
16.12,0.02,-0.025333631
16.14,0.03,-0.024168165
16.16,0.04,-0.022883758
16.18,0.05,-0.021436952
16.20,0.06,-0.019785185
16.22,0.05,-0.017907304
16.24,0.02,-0.015843777
16.26,0.01,-0.013676484
16.28,-0.02,-0.011493806
16.30,-0.03,-0.009372823
16.32,0.01,-0.007312188
16.34,-0.01,-0.005261637
16.36,-0.02,-0.003229726
16.38,-0.03,-0.001265224
16.40,-0.05,0.000581698
16.42,-0.05,0.002258871
16.44,-0.04,0.003749037
16.46,-0.02,0.005094855
16.48,0.01,0.006374699
16.50,0.04,0.007684547
16.52,0.04,0.009113673
16.54,0.03,0.010695937
16.56,0.03,0.012418081
16.58,0.02,0.014254943
16.60,0.01,0.016174259
16.62,0.00,0.018140365
16.64,-0.01,0.020118596
16.66,-0.02,0.022069586
16.68,-0.03,0.023946365
16.70,-0.04,0.025708967
16.72,-0.04,0.027328129
16.74,-0.05,0.028777388
16.76,-0.05,0.030043486
16.78,-0.04,0.031131671
16.80,-0.04,0.032055192
16.82,-0.03,0.0328307
16.84,-0.03,0.033478248
16.86,-0.02,0.034018588
16.88,-0.02,0.034472671
16.90,-0.01,0.034861249
16.92,-0.01,0.035199371
16.94,-0.01,0.035492385
16.96,-0.01,0.035740834
16.98,-0.01,0.035945362
17.00,0.00,0.036117418
17.02,0.01,0.036288055
17.04,0.03,0.036503332
17.06,0.04,0.036817809
17.08,0.05,0.037286747
17.10,-0.01,0.037889082
17.12,-0.03,0.038494014
17.14,-0.03,0.039003153
17.16,-0.03,0.039399635
17.18,-0.02,0.039692605
17.20,-0.01,0.039919815
17.22,0.01,0.040133125
17.24,0.00,0.040363883
17.26,0.00,0.04060553
17.28,-0.02,0.040827993
17.30,-0.02,0.040995803
17.32,-0.02,0.04108789
17.34,-0.02,0.041109695
17.36,-0.01,0.041077863
17.38,0.00,0.041012437
17.40,0.00,0.040936463
17.42,0.01,0.040871185
17.44,0.00,0.040823143
17.46,-0.01,0.040777866
17.48,-0.01,0.040712085
17.50,-0.01,0.04061283
17.52,0.02,0.040513248
17.54,0.05,0.040500701
17.56,0.08,0.04068666
17.58,0.08,0.04116669
17.60,0.05,0.041943625
17.62,0.02,0.042922868
17.64,-0.01,0.043988812
17.66,-0.04,0.045028854
17.68,-0.06,0.045935689
17.70,-0.08,0.046615918
17.72,-0.09,0.04699995
17.74,-0.08,0.047065506
17.76,-0.07,0.046837223
17.78,-0.06,0.046346842
17.80,-0.06,0.045612297
17.82,-0.04,0.044664524
17.84,-0.03,0.04356047
17.86,-0.01,0.042359581
17.88,-0.02,0.041094794
17.90,-0.01,0.039771636
17.92,0.00,0.038404836
17.94,0.02,0.037042136
17.96,0.02,0.035735275
17.98,0.00,0.034488878
18.00,-0.01,0.033264256
18.02,-0.01,0.032025918
18.04,0.00,0.030769786
18.06,0.00,0.029515385
18.08,0.01,0.028285645
18.10,0.02,0.027105492
18.12,0.02,0.026001354
18.14,0.03,0.024998658
18.16,0.04,0.024122429
18.18,0.04,0.023396093
18.20,0.04,0.022833171
18.22,0.04,0.022430576
18.24,0.03,0.022177321
18.26,0.03,0.022057715
18.28,0.01,0.022042362
18.30,0.00,0.022088161
18.32,-0.01,0.02214701
18.34,-0.02,0.022173605
18.36,-0.01,0.022149851
18.38,0.01,0.022103268
18.40,0.03,0.022094085
18.42,0.03,0.022182232
18.44,0.02,0.022378519
18.46,0.00,0.022642641
18.48,-0.02,0.022915686
18.50,-0.02,0.023137942
18.52,-0.02,0.023276502
18.54,-0.02,0.023329771
18.56,-0.01,0.023309457
18.58,0.00,0.023243673
18.60,0.01,0.023180537
18.62,0.03,0.023176169
18.64,0.04,0.02328839
18.66,0.05,0.023567715
18.68,0.06,0.024046457
18.70,0.06,0.02474532
18.72,0.07,0.025682909
18.74,0.05,0.026861322
18.76,0.02,0.02823224
18.78,0.00,0.02970513
18.80,-0.03,0.031179455
18.82,-0.05,0.032550075
18.84,-0.08,0.033709548
18.86,-0.10,0.034563738
18.88,-0.08,0.035077025
18.90,-0.06,0.035285813
18.92,-0.04,0.035261216
18.94,-0.01,0.035098954
18.96,0.01,0.03489665
18.98,0.00,0.034707208
19.00,0.01,0.034543022
19.02,0.01,0.034406878
19.04,0.01,0.034300464
19.06,-0.01,0.034210462
19.08,-0.01,0.034107145
19.10,-0.01,0.033971993
19.12,-0.03,0.033785983
19.14,-0.04,0.033506282
19.16,-0.05,0.033084458
19.18,-0.06,0.032480178
19.20,-0.03,0.031691821
19.22,-0.01,0.030780788
19.24,0.00,0.029824282
19.26,-0.01,0.028857693
19.28,-0.01,0.027872996
19.30,-0.02,0.026843858
19.32,-0.01,0.025760152
19.34,0.01,0.024653863
19.36,0.02,0.023577684
19.38,0.03,0.022582703
19.40,0.05,0.02171851
19.42,0.05,0.021023189
19.44,0.05,0.020516718
19.46,0.05,0.020213773
19.48,0.05,0.020118624
19.50,0.03,0.020207133
19.52,0.02,0.020436654
19.54,0.01,0.02075864
19.56,-0.01,0.021118738
19.58,-0.02,0.021459997
19.60,-0.03,0.021727664
19.62,-0.05,0.021870687
19.64,-0.06,0.021839515
19.66,-0.07,0.021588795
19.68,-0.05,0.021102384
19.70,-0.04,0.020408355
19.72,-0.03,0.019557783
19.74,-0.01,0.01861065
19.76,0.01,0.017635438
19.78,0.03,0.016706528
19.80,0.05,0.015900005
19.82,0.07,0.01529055
19.84,0.07,0.01493864
19.86,0.05,0.014849333
19.88,0.04,0.014969967
19.90,0.02,0.015233674
19.92,0.00,0.015565986
19.94,-0.03,0.015883128
19.96,-0.05,0.016095123
19.98,-0.07,0.016113696
20.00,-0.04,0.015908687
20.02,-0.03,0.015524362
20.04,-0.01,0.015028893
20.06,0.01,0.014491953
20.08,0.02,0.013983012
20.10,0.04,0.013569642
20.12,0.06,0.013316711
20.14,0.04,0.013257177
20.16,0.03,0.013364177
20.18,0.01,0.013573336
20.20,-0.01,0.013809375
20.22,-0.03,0.013997914
20.24,-0.03,0.01408628
20.26,-0.03,0.014059312
20.28,-0.01,0.013937058
20.30,0.00,0.013761575
20.32,0.02,0.013589923
20.34,0.04,0.013494666
20.36,0.06,0.013555271
20.38,0.07,0.013843101
20.40,0.08,0.014415214
20.42,0.08,0.015302459
20.44,0.09,0.016514078
20.46,0.07,0.018042705
20.48,0.05,0.019844663
20.50,0.03,0.021852669
20.52,0.01,0.023996234
20.54,0.00,0.026201571
20.56,-0.02,0.02839379
20.58,-0.04,0.030497602
20.60,-0.06,0.032440018
20.62,-0.04,0.034188159
20.64,-0.05,0.035757066
20.66,-0.06,0.037140868
20.68,-0.07,0.038299485
20.70,-0.08,0.039189435
20.72,-0.10,0.039760734
20.74,-0.09,0.039973098
20.76,-0.06,0.039845666
20.78,-0.03,0.039474799
20.80,0.02,0.039012776
20.82,0.09,0.038657792
20.84,0.09,0.038588134
20.86,0.07,0.038859948
20.88,0.06,0.03943215
20.90,0.04,0.040237647
20.92,0.02,0.041192738
20.94,-0.01,0.04220282
20.96,-0.03,0.043172689
20.98,-0.02,0.044045353
21.00,-0.02,0.044826141
21.02,-0.01,0.045546889
21.04,-0.01,0.046232131
21.06,-0.01,0.046884993
21.08,-0.02,0.047492797
21.10,0.00,0.048054767
21.12,0.02,0.048611941
21.14,0.04,0.049239668
21.16,0.05,0.050007996
21.18,0.04,0.050943156
21.20,0.03,0.052024767
21.22,0.02,0.053214639
21.24,0.00,0.05446558
21.26,-0.01,0.055720095
21.28,-0.03,0.056916087
21.30,-0.05,0.057989858
21.32,-0.06,0.05888141
21.34,-0.05,0.059559157
21.36,-0.05,0.060031823
21.38,-0.04,0.060325439
21.40,-0.03,0.060471539
21.42,-0.02,0.060502953
21.44,-0.04,0.060427308
21.46,-0.04,0.060222518
21.48,-0.05,0.059860895
21.50,-0.05,0.059317053
21.52,-0.03,0.058595816
21.54,-0.01,0.057752423
21.56,0.01,0.056862721
21.58,0.03,0.056006656
21.60,0.02,0.05523927
21.62,0.00,0.054545278
21.64,-0.01,0.053861281
21.66,-0.04,0.053111677
21.68,-0.05,0.052223763
21.70,-0.03,0.051169453
21.72,-0.02,0.049974176
21.74,-0.01,0.04868527
21.76,0.01,0.047360576
21.78,0.02,0.046062236
21.80,0.03,0.04484689
21.82,0.04,0.043759776
21.84,0.03,0.04281432
21.86,0.03,0.04199074
21.88,0.02,0.041265149
21.90,0.01,0.040614263
21.92,0.01,0.040012097
21.94,0.00,0.039433266
21.96,-0.01,0.038848483
21.98,-0.02,0.038223462
22.00,-0.03,0.037521915
22.02,-0.04,0.036707753
22.04,-0.03,0.035762696
22.06,-0.02,0.034705874
22.08,-0.01,0.033579127
22.10,0.01,0.032430594
22.12,0.02,0.031308017
22.14,0.02,0.030243933
22.16,0.03,0.029262475
22.18,0.04,0.028394081
22.20,0.05,0.027670786
22.22,0.04,0.027106124
22.24,0.02,0.026674713
22.26,0.01,0.026324664
22.28,-0.01,0.025999487
22.30,0.01,0.025668702
22.32,0.02,0.025353444
22.34,0.03,0.025101058
22.36,0.05,0.024966592
22.38,0.03,0.024985189
22.40,0.00,0.025113364
22.42,-0.01,0.025256519
22.44,-0.04,0.025329658
22.46,-0.07,0.025242284
22.48,-0.07,0.024912503
22.50,-0.03,0.02434375
22.52,-0.02,0.023619686
22.54,0.02,0.022838777
22.56,0.04,0.022107993
22.58,0.07,0.021542908
22.60,0.05,0.02120888
22.62,0.04,0.021079436
22.64,0.01,0.021072187
22.66,-0.04,0.02106103
22.68,-0.05,0.020910159
22.70,-0.05,0.020559695
22.72,-0.04,0.02001748
22.74,-0.02,0.019319265
22.76,-0.01,0.018519111
22.78,0.00,0.017672376
22.80,0.02,0.016831321
22.82,0.03,0.016046405
22.84,0.02,0.015344881
22.86,0.01,0.01471379
22.88,0.00,0.014118265
22.90,-0.01,0.013517041
22.92,-0.02,0.012863248
22.94,-0.03,0.012109418
22.96,-0.05,0.011208786
22.98,-0.04,0.01013319
23.00,-0.02,0.00890619
23.02,-0.01,0.007585854
23.04,0.01,0.006230254
23.06,0.02,0.00489626
23.08,0.04,0.003639544
23.10,0.04,0.002508276
23.12,0.04,0.001523017
23.14,0.03,0.000668119
23.16,0.01,-9.21739E-05
23.18,0.00,-0.000804519
23.20,-0.01,-0.001521774
23.22,-0.03,-0.002301199
23.24,-0.03,-0.00319175
23.26,-0.02,-0.004202667
23.28,-0.01,-0.005306581
23.30,0.00,-0.006469216
23.32,0.01,-0.007653897
23.34,0.01,-0.008829048
23.36,0.00,-0.009990903
23.38,0.01,-0.011149597
23.40,0.01,-0.01229506
23.42,0.02,-0.013400414
23.44,0.02,-0.014444481
23.46,0.01,-0.015425891
23.48,0.02,-0.016351775
23.50,0.02,-0.017216757
23.52,0.01,-0.018016462
23.54,0.01,-0.01876572
23.56,0.00,-0.019490164
23.58,-0.01,-0.020218226
23.60,-0.01,-0.020980838
23.62,-0.02,-0.021810132
23.64,-0.03,-0.022739237
23.66,-0.04,-0.023802185
23.68,-0.05,-0.025032803
23.70,-0.06,-0.026466421
23.72,-0.07,-0.028141465
23.74,-0.06,-0.030073657
23.76,-0.04,-0.032232699
23.78,-0.02,-0.034558184
23.80,0.00,-0.0369752
23.82,0.02,-0.039400229
23.84,0.05,-0.04174415
23.86,0.07,-0.043914544
23.88,0.10,-0.045817984
23.90,0.09,-0.047382555
23.92,0.08,-0.048597357
23.94,0.07,-0.049503807
23.96,0.04,-0.05017233
23.98,0.02,-0.050694958
24.00,-0.01,-0.051172524
24.02,-0.03,-0.051700758
24.04,0.00,-0.052311268
24.06,0.02,-0.052938029
24.08,0.05,-0.053477704
24.10,0.07,-0.053831754
24.12,0.04,-0.053956359
24.14,0.02,-0.053913832
24.16,-0.02,-0.053824302
24.18,-0.05,-0.053816301
24.20,-0.08,-0.05402006
24.22,-0.08,-0.054525697
24.24,-0.06,-0.055337899
24.26,-0.05,-0.056405535
24.28,-0.03,-0.057663168
24.30,0.00,-0.059026153
24.32,0.04,-0.060380636
24.34,0.07,-0.061592753
24.36,0.10,-0.062532641
24.38,0.07,-0.063142561
24.40,-0.02,-0.063542528
24.42,-0.08,-0.063993704
24.44,-0.06,-0.064680725
24.46,-0.05,-0.065620068
24.48,-0.03,-0.066758591
24.50,-0.01,-0.068022239
24.52,0.02,-0.069321755
24.54,0.04,-0.070566679
24.56,0.06,-0.071664349
24.58,0.09,-0.0725206
24.60,0.08,-0.073066978
24.62,0.06,-0.073307848
24.64,0.05,-0.073304493
24.66,0.02,-0.073134002
24.68,-0.01,-0.072891168
24.70,-0.04,-0.072684885
24.72,-0.06,-0.072621249
24.74,-0.09,-0.072801449
24.76,-0.11,-0.073325077
24.78,-0.12,-0.074274914
24.80,-0.10,-0.075675224
24.82,-0.09,-0.077484348
24.84,-0.07,-0.079636417
24.86,-0.05,-0.082059058
24.88,-0.03,-0.084673298
24.90,0.00,-0.087397359
24.92,0.02,-0.090147064
24.94,0.04,-0.09283743
24.96,0.06,-0.095383079
24.98,0.08,-0.097699928
25.00,0.10,-0.099709696
25.02,0.12,-0.101339604
25.04,0.13,-0.10251897
25.06,0.15,-0.103178915
25.08,0.14,-0.103280366
25.10,0.12,-0.102854273
25.12,0.09,-0.101982102
25.14,0.06,-0.100765723
25.16,0.03,-0.099325413
25.18,-0.01,-0.09778865
25.20,-0.04,-0.096289511
25.22,-0.07,-0.094964376
25.24,-0.05,-0.0938812
25.26,-0.02,-0.092984797
25.28,0.02,-0.092151559
25.30,0.06,-0.091242271
25.32,0.09,-0.090113816
25.34,0.06,-0.088690199
25.36,0.03,-0.087025365
25.38,-0.01,-0.085248783
25.40,-0.04,-0.083502427
25.42,-0.03,-0.081877351
25.44,-0.02,-0.080368079
25.46,0.01,-0.078918817
25.48,0.03,-0.077451562
25.50,0.05,-0.075873707
25.52,0.08,-0.074092044
25.54,0.09,-0.072023667
25.56,0.07,-0.069636485
25.58,0.06,-0.066958327
25.60,0.04,-0.064042931
25.62,0.02,-0.060963737
25.64,0.00,-0.057811394
25.66,-0.03,-0.054679449
25.68,-0.03,-0.051642742
25.70,-0.03,-0.048735501
25.72,-0.04,-0.045968743
25.74,-0.04,-0.043354389
25.76,-0.04,-0.040902353
25.78,-0.04,-0.038616253
25.80,0.01,-0.036448383
25.82,0.05,-0.034259513
25.84,0.10,-0.031872195
25.86,0.12,-0.02913359
25.88,0.09,-0.025983791
25.90,0.07,-0.022474025
25.92,0.04,-0.018699231
25.94,0.01,-0.014771356
25.96,-0.03,-0.010820451
25.98,-0.06,-0.006982568
26.00,-0.05,-0.003348246
26.02,-0.05,7.08044E-05
26.04,-0.04,0.003296983
26.06,-0.03,0.006360293
26.08,-0.02,0.00929924
26.10,-0.01,0.01215243
26.12,0.00,0.014954269
26.14,-0.02,0.017716655
26.16,-0.05,0.020394568
26.18,-0.07,0.022893472
26.20,-0.09,0.025120032
26.22,-0.09,0.027015324
26.24,-0.08,0.028562638
26.26,-0.07,0.029781577
26.28,-0.05,0.030719452
26.30,-0.02,0.031454285
26.32,0.00,0.032085705
26.34,0.01,0.032701136
26.36,0.03,0.033363095
26.38,0.04,0.034121597
26.40,0.04,0.03501525
26.42,0.05,0.03607106
26.44,0.04,0.037303729
26.46,0.02,0.038691746
26.48,0.00,0.040169089
26.50,-0.02,0.041652426
26.52,-0.05,0.043053027
26.54,-0.04,0.044308267
26.56,-0.01,0.045432749
26.58,0.01,0.046499094
26.60,0.04,0.047599128
26.62,0.06,0.048836782
26.64,0.06,0.05029018
26.66,0.04,0.051966319
26.68,0.03,0.053822483
26.70,0.01,0.055802249
26.72,0.00,0.057840994
26.74,-0.02,0.059871792
26.76,-0.02,0.061842422
26.78,-0.01,0.063737974
26.80,-0.02,0.065564748
26.82,-0.02,0.067322437
26.84,-0.01,0.06901814
26.86,0.00,0.07067546
26.88,0.01,0.072325201
26.90,0.02,0.074001768
26.92,0.01,0.075731365
26.94,0.01,0.077519688
26.96,0.01,0.079359627
26.98,0.01,0.081239972
27.00,0.00,0.083146112
27.02,0.01,0.085069436
27.04,0.02,0.087025841
27.06,0.03,0.089054232
27.08,0.04,0.091194013
27.10,0.02,0.093452277
27.12,0.01,0.095791303
27.14,-0.01,0.098151762
27.16,-0.03,0.100463719
27.18,-0.06,0.102647839
27.20,-0.05,0.104646592
27.22,-0.03,0.106467668
27.24,-0.01,0.108170975
27.26,0.01,0.109828523
27.28,0.00,0.111488815
27.30,-0.01,0.113148135
27.32,-0.02,0.114773959
27.34,-0.03,0.116329659
27.36,-0.04,0.117772908
27.38,-0.05,0.119061273
27.40,-0.04,0.120171032
27.42,-0.04,0.12111247
27.44,-0.03,0.121918879
27.46,-0.02,0.122628555
27.48,-0.01,0.123275189
27.50,-0.02,0.123870664
27.52,-0.02,0.124400756
27.54,-0.03,0.124847637
27.56,-0.02,0.125204684
27.58,-0.01,0.125483679
27.60,-0.01,0.125704403
27.62,-0.02,0.125865634
27.64,-0.03,0.125947639
27.66,-0.03,0.125929287
27.68,-0.04,0.125787444
27.70,-0.03,0.125508979
27.72,-0.03,0.125102467
27.74,-0.03,0.124584485
27.76,-0.02,0.123969609
27.78,-0.02,0.123271414
27.80,-0.02,0.122502773
27.82,-0.01,0.121675558
27.84,-0.01,0.120799141
27.86,-0.01,0.11988009
27.88,-0.01,0.118926375
27.90,0.00,0.117950264
27.92,0.00,0.116964326
27.94,0.00,0.115978629
27.96,0.00,0.114997436
27.98,-0.01,0.114009807
28.00,-0.01,0.112992494
28.02,-0.02,0.111918349
28.04,-0.02,0.110763225
28.06,-0.02,0.109522878
28.08,-0.02,0.10821057
28.10,-0.01,0.106840663
28.12,-0.01,0.105429219
28.14,0.00,0.103995598
28.16,0.00,0.102557061
28.18,-0.01,0.101112961
28.20,-0.02,0.099637542
28.22,-0.03,0.098095644
28.24,-0.02,0.096470313
28.26,0.00,0.094785606
28.28,0.02,0.093097791
28.30,0.02,0.091460232
28.32,0.00,0.08987968
28.34,0.00,0.088321669
28.36,-0.02,0.086748333
28.38,-0.03,0.085121502
28.40,-0.04,0.083400508
28.42,-0.03,0.081562686
28.44,-0.02,0.079622282
28.46,0.00,0.07762245
28.48,0.01,0.075617549
28.50,0.02,0.073659034
28.52,0.03,0.071787856
28.54,0.01,0.070013956
28.56,0.01,0.068310361
28.58,0.00,0.066645395
28.60,0.00,0.064992685
28.62,-0.01,0.063328056
28.64,-0.01,0.061638136
28.66,0.00,0.059927659
28.68,0.00,0.058213259
28.70,-0.01,0.056497168
28.72,-0.02,0.054756006
28.74,-0.02,0.052960493
28.76,-0.02,0.05109785
28.78,0.00,0.049186009
28.80,0.01,0.047269411
28.82,0.02,0.045400696
28.84,0.03,0.043624401
28.86,0.02,0.041958957
28.88,0.01,0.040389278
28.90,0.00,0.038877473
28.92,-0.01,0.037375545
28.94,-0.03,0.035832899
28.96,-0.03,0.034211337
28.98,-0.02,0.032503276
29.00,-0.01,0.030725235
29.02,-0.01,0.028901039
29.04,0.00,0.02705761
29.06,0.01,0.025223271
29.08,0.01,0.023426143
29.10,0.02,0.021694647
29.12,0.02,0.020053401
29.14,0.02,0.018507818
29.16,0.01,0.0170398
29.18,0.00,0.015622447
29.20,-0.01,0.014226056
29.22,-0.01,0.012820523
29.24,-0.02,0.011380247
29.26,-0.01,0.009891426
29.28,0.00,0.008365969
29.30,0.01,0.006836389
29.32,0.01,0.005329297
29.34,0.00,0.003847094
29.36,0.00,0.002376578
29.38,0.00,0.000909245
29.40,0.00,-0.000554406
29.42,0.00,-0.002007476
29.44,0.02,-0.003427658
29.46,0.02,-0.004780947
29.48,0.03,-0.006038236
29.50,0.02,-0.007187528
29.52,0.00,-0.008253236
29.54,-0.01,-0.009288284
29.56,-0.01,-0.010338395
29.58,0.00,-0.011416882
29.60,0.01,-0.012500745
29.62,0.02,-0.013548582
29.64,0.03,-0.014516588
29.66,0.04,-0.015362662
29.68,0.04,-0.016051103
29.70,0.04,-0.01656472
29.72,0.03,-0.016910828
29.74,0.03,-0.017111649
29.76,0.02,-0.017194406
29.78,0.01,-0.017188625
29.80,0.01,-0.017123232
29.82,0.00,-0.017025052
29.84,-0.01,-0.016919312
29.86,-0.01,-0.016824837
29.88,-0.01,-0.016752549
29.90,-0.01,-0.016711071
29.92,-0.02,-0.016709926
29.94,-0.02,-0.01676154
29.96,-0.02,-0.016877838
29.98,-0.02,-0.017065146
30.00,-0.02,-0.017328188
30.02,-0.02,-0.017666087
30.04,0.00,-0.01805696
30.06,0.00,-0.018461821
30.08,0.01,-0.018840282
30.10,0.03,-0.019152755
30.12,0.03,-0.019367559
30.14,0.02,-0.019474516
30.16,0.02,-0.019476856
30.18,0.03,-0.019372207
30.20,0.03,-0.019149295
30.22,0.03,-0.018795745
30.24,0.02,-0.018314088
30.26,0.01,-0.017731165
30.28,0.01,-0.017082418
30.30,0.00,-0.016399889
30.32,-0.01,-0.015718424
30.34,-0.02,-0.015078667
30.36,-0.03,-0.014522867
30.38,-0.03,-0.014082768
30.40,-0.03,-0.013766606
30.42,-0.02,-0.013562115
30.44,-0.02,-0.01344492
30.46,-0.01,-0.013384849
30.48,-0.01,-0.01335583
30.50,0.00,-0.013341694
30.52,0.00,-0.013330375
30.54,0.00,-0.013308307
30.56,0.01,-0.013261224
30.58,0.01,-0.01317526
30.60,0.01,-0.01303935
30.62,0.01,-0.012850635
30.64,0.01,-0.012617656
30.66,0.00,-0.01235576
30.68,0.00,-0.012083293
30.70,-0.01,-0.011821104
30.72,-0.02,-0.011590742
30.74,-0.02,-0.011413757
30.76,-0.03,-0.011311397
30.78,-0.03,-0.011304612
30.80,-0.04,-0.011413554
30.82,-0.04,-0.01165437
30.84,-0.03,-0.012032607
30.86,-0.02,-0.012529203
30.88,-0.01,-0.013099189
30.90,0.01,-0.013689391
30.92,0.02,-0.014245039
30.94,0.03,-0.014712561
30.96,0.03,-0.015061792
30.98,0.02,-0.015295681
31.00,0.02,-0.015430079
31.02,0.01,-0.015483841
31.04,0.01,-0.015479219
31.06,0.00,-0.015438171
31.08,0.00,-0.015375047
31.10,0.01,-0.015289897
31.12,0.00,-0.015180068
31.14,0.00,-0.015052912
31.16,0.00,-0.014922182
31.18,-0.01,-0.014801132
31.20,0.00,-0.014694713
31.22,0.00,-0.014597273
31.24,0.00,-0.014500961
31.26,-0.01,-0.014407425
31.28,-0.01,-0.014330023
31.30,-0.01,-0.014281908
31.32,-0.01,-0.014271735
31.34,-0.01,-0.014307557
31.36,-0.01,-0.014392727
31.38,-0.01,-0.014518994
31.40,0.00,-0.014669405
31.42,0.00,-0.014825004
31.44,0.00,-0.01497054
31.46,0.00,-0.015098662
31.48,0.01,-0.015203621
31.50,0.01,-0.015274266
31.52,0.02,-0.015295445
31.54,0.02,-0.015250806
31.56,0.02,-0.015123196
31.58,0.02,-0.014901966
31.60,0.01,-0.01459527
31.62,0.01,-0.014226071
31.64,0.00,-0.013819631
31.66,0.01,-0.013388906
31.68,0.01,-0.01292575
31.70,0.02,-0.012411609
31.72,0.02,-0.011828732
31.74,0.01,-0.011173772
31.76,0.01,-0.01046239
31.78,0.00,-0.009717546
31.80,0.00,-0.008963403
31.82,0.00,-0.008215621
31.84,0.00,-0.007475055
31.86,-0.01,-0.00674366
31.88,-0.02,-0.006042598
31.90,-0.03,-0.005406236
31.92,-0.02,-0.004854834
31.94,-0.02,-0.004382647
31.96,-0.01,-0.003971323
31.98,0.00,-0.003596909
32.00,0.00,-0.003231652
32.02,0.01,-0.002847297
32.04,0.02,-0.002416092
32.06,0.01,-0.001923185
32.08,0.01,-0.001377237
32.10,0.00,-0.000799508
32.12,-0.01,-0.000214262
32.14,-0.01,0.000356338
32.16,-0.01,0.000899333
32.18,-0.01,0.001407764
32.20,-0.01,0.001876576
32.22,-0.01,0.002303812
32.24,-0.01,0.002693318
32.26,0.00,0.003059043
32.28,0.00,0.003422538
32.30,0.01,0.003807857
32.32,0.01,0.004236051
32.34,0.01,0.004710965
32.36,0.00,0.005217939
32.38,0.00,0.005736213
32.40,-0.01,0.006242422
32.42,-0.01,0.006713104
32.44,-0.01,0.0071334
32.46,-0.01,0.007499252
32.48,-0.01,0.007810805
32.50,-0.01,0.008070807
32.52,0.00,0.008291505
32.54,0.00,0.008496353
32.56,0.01,0.008713804
32.58,0.01,0.008967913
32.60,0.01,0.009262926
32.62,0.00,0.009584083
32.64,0.00,0.009911223
32.66,-0.01,0.010226086
32.68,-0.01,0.010518915
32.70,-0.01,0.010786254
32.72,-0.01,0.011026249
32.74,-0.01,0.011240345
32.76,0.00,0.01143469
32.78,-0.01,0.011613534
32.80,-0.01,0.011769217
32.82,-0.01,0.011884683
32.84,-0.02,0.011941071
32.86,-0.02,0.011928224
32.88,-0.01,0.011852791
32.90,-0.01,0.011730323
32.92,0.00,0.011576974
32.94,0.00,0.011404393
32.96,0.00,0.01121813
32.98,0.00,0.011023033
33.00,0.00,0.010827153
33.02,0.00,0.01064024
33.04,0.01,0.010469344
33.06,0.01,0.010320214
33.08,0.01,0.010202702
33.10,0.02,0.010131661
33.12,0.01,0.010117641
33.14,0.01,0.01015459
33.16,0.00,0.01022345
33.18,0.00,0.010302062
33.20,-0.01,0.010370968
33.22,-0.01,0.010417314
33.24,-0.01,0.010429744
33.26,-0.01,0.010396504
33.28,-0.01,0.010311941
33.30,-0.01,0.010176206
33.32,-0.01,0.009988847
33.34,-0.01,0.009750014
33.36,-0.01,0.009468561
33.38,0.00,0.009162043
33.40,0.00,0.008850817
33.42,0.01,0.008556442
33.44,0.02,0.008301474
33.46,0.02,0.008107772
33.48,0.02,0.007993092
33.50,0.02,0.00796849
33.52,0.02,0.008035418
33.54,0.02,0.008184123
33.56,0.01,0.008398053
33.58,0.01,0.008658353
33.60,0.00,0.008948269
33.62,0.00,0.009256652
33.64,0.00,0.00957865
33.66,0.01,0.009916619
33.68,0.01,0.010274712
33.70,0.00,0.010649582
33.72,0.00,0.011030377
33.74,-0.01,0.011403749
33.76,-0.01,0.011754944
33.78,-0.01,0.012070013
33.80,-0.01,0.012342508
33.82,0.00,0.012578886
33.84,0.00,0.012796205
33.86,0.01,0.013016029
33.88,0.01,0.01326062
33.90,0.01,0.013541236
33.92,0.00,0.01384993
33.94,0.00,0.014170152
33.96,0.00,0.014487354
33.98,0.00,0.014794289
34.00,0.00,0.015092114
34.02,0.00,0.015387688
34.04,0.00,0.01568977
34.06,0.00,0.015999018
34.08,0.00,0.016303484
34.10,-0.01,0.016585721
34.12,-0.02,0.01682648
34.14,-0.02,0.017005812
34.16,-0.02,0.017112372
34.18,-0.01,0.017149419
34.20,-0.01,0.017127315
34.22,-0.01,0.017057323
34.24,-0.01,0.016950705
34.26,0.00,0.016819025
34.28,0.00,0.016675746
34.30,0.01,0.016535833
34.32,0.01,0.01641395
34.34,0.01,0.016321563
34.36,0.01,0.016266333
34.38,0.01,0.016254524
34.40,0.02,0.016292298
34.42,0.01,0.016383819
34.44,0.01,0.016525346
34.46,0.01,0.016704238
34.48,0.00,0.01690405
34.50,0.00,0.01710754
34.52,0.00,0.017299765
34.54,-0.01,0.017469184
34.56,-0.01,0.017605557
34.58,-0.01,0.017700644
34.60,-0.01,0.017749908
34.62,-0.01,0.017754612
34.64,0.00,0.017726726
34.66,0.00,0.017688419
34.68,0.01,0.017663065
34.70,0.01,0.017665334
34.72,0.01,0.01769789
34.74,0.01,0.017755798
34.76,0.01,0.017833323
34.78,0.01,0.017930128
34.80,0.00,0.018046482
34.82,0.00,0.018174248
34.84,0.00,0.018301288
34.86,0.00,0.018417866
34.88,-0.01,0.018516248
34.90,-0.01,0.018588698
34.92,-0.01,0.018628682
34.94,-0.01,0.018636169
34.96,0.00,0.018616927
34.98,0.00,0.018574929
35.00,-0.01,0.018510042
35.02,0.00,0.018424437
35.04,0.01,0.018331787
35.06,0.01,0.018251969
35.08,0.01,0.018197357
35.10,0.01,0.018174023
35.12,0.01,0.01818674
35.14,0.01,0.01823898
35.16,0.01,0.018330915
35.18,0.01,0.018456013
35.20,0.00,0.018603143
35.22,0.00,0.018760674
35.24,0.00,0.018921676
35.26,0.00,0.019087321
35.28,0.01,0.019262785
35.30,0.01,0.019453943
35.32,0.01,0.019665371
35.34,0.01,0.019897441
35.36,0.00,0.020141627
35.38,-0.01,0.020379096
35.40,-0.01,0.020588616
35.42,-0.01,0.020756158
35.44,-0.01,0.020879798
35.46,0.00,0.020968713
35.48,0.00,0.021038786
35.50,0.01,0.021108298
35.52,0.01,0.021195432
35.54,0.01,0.021313571
35.56,0.01,0.021466291
35.58,0.01,0.02164757
35.60,0.00,0.021846682
35.62,0.00,0.022055703
35.64,0.00,0.02227151
35.66,0.00,0.022492482
35.68,0.00,0.022713896
35.70,0.00,0.02292503
35.72,-0.01,0.023112158
35.74,-0.01,0.023260656
35.76,-0.01,0.023356901
35.78,-0.01,0.023397772
35.80,-0.01,0.023394054
35.82,0.00,0.023362235
35.84,0.00,0.023318901
35.86,0.00,0.023276039
35.88,0.00,0.023240034
35.90,0.01,0.023215471
35.92,0.01,0.023206233
35.94,0.01,0.023214806
35.96,0.00,0.023239573
35.98,0.00,0.023273816
36.00,0.00,0.023306917
36.02,-0.01,0.023325757
36.04,-0.01,0.023316315
36.06,-0.01,0.023264975
36.08,-0.01,0.023164219
36.10,-0.01,0.023016635
36.12,0.00,0.022833613
36.14,0.00,0.022634247
36.16,0.01,0.022441432
36.18,0.01,0.022278163
36.20,0.02,0.022163335
36.22,0.02,0.02210664
36.24,0.01,0.022108066
36.26,0.01,0.022161502
36.28,0.01,0.022258633
36.30,0.01,0.022389448
36.32,0.00,0.022540931
36.34,0.00,0.02269757
36.36,0.00,0.02284395
36.38,0.00,0.02297166
36.40,0.00,0.023082894
36.42,0.00,0.023182143
36.44,0.00,0.023272004
36.46,0.00,0.023355468
36.48,0.00,0.023434631
36.50,0.00,0.023508787
36.52,0.00,0.023575127
36.54,0.00,0.023632848
36.56,0.00,0.023685145
36.58,0.00,0.023736915
36.60,0.00,0.023793055
36.62,0.00,0.023855863
36.64,0.00,0.023922633
36.66,0.00,0.023987362
36.68,0.00,0.024042744
36.70,-0.01,0.024080774
36.72,-0.01,0.024093547
36.74,-0.01,0.024075161
36.76,-0.01,0.024022914
36.78,-0.01,0.023936605
36.80,-0.01,0.023817533
36.82,-0.01,0.0236676
36.84,-0.01,0.023488407
36.86,-0.01,0.023278754
36.88,-0.01,0.023033841
36.90,-0.01,0.022747569
36.92,-0.01,0.022413836
36.94,-0.01,0.022028845
36.96,-0.01,0.021593299
36.98,-0.01,0.021111101
37.00,-0.01,0.020587359
37.02,-0.01,0.020027278
37.04,-0.01,0.019433762
37.06,-0.01,0.018805518
37.08,-0.01,0.018138649
37.10,-0.01,0.01742846
37.12,-0.01,0.016669755
37.14,-0.01,0.015857439
37.16,-0.01,0.014988818
37.18,-0.01,0.014064801
37.20,-0.01,0.013087896
37.22,-0.01,0.012060913
37.24,-0.01,0.010988361
37.26,0.00,0.009879353
37.28,0.00,0.008747104
37.30,0.01,0.007610229
37.32,0.01,0.006493146
37.34,0.01,0.005415173
37.36,0.01,0.004384125
37.38,0.01,0.003399912
37.40,0.01,0.002458645
37.42,0.01,0.001555037
37.44,0.01,0.000682797
37.46,0.00,-0.000166664
37.48,0.00,-0.001004634
37.50,0.00,-0.001843705
37.52,0.00,-0.002693063
37.54,0.00,-0.003549394
37.56,0.01,-0.004398475
37.58,0.01,-0.005222986
37.60,0.01,-0.006006204
37.62,0.01,-0.006741811
37.64,0.01,-0.007436391
37.66,0.01,-0.008098729
37.68,0.01,-0.008735209
37.70,0.01,-0.009351014
37.72,0.01,-0.009947324
37.74,0.01,-0.010519819
37.76,0.01,-0.011062077
37.78,0.01,-0.011568876
37.80,0.01,-0.012038493
37.82,0.01,-0.012471308
37.84,0.01,-0.012866199
37.86,0.01,-0.013220442
37.88,0.01,-0.013531414
37.90,0.01,-0.013798591
37.92,0.01,-0.014024851
37.94,0.01,-0.014216072
37.96,0.01,-0.014380332
37.98,0.00,-0.014526609
38.00,0.00,-0.014664281
38.02,0.00,-0.014802325
38.04,0.00,-0.014943015
38.06,0.01,-0.015077423
38.08,0.01,-0.015190115
38.10,0.02,-0.015263659
38.12,0.02,-0.015285123
38.14,0.01,-0.015252778
38.16,0.01,-0.015171597
38.18,0.01,-0.015048252
38.20,0.01,-0.014890717
38.22,0.01,-0.014707164
38.24,0.01,-0.014503365
38.26,0.01,-0.014280389
38.28,0.01,-0.014036605
38.30,0.01,-0.013769779
38.32,0.01,-0.013477179
38.34,0.01,-0.013155872
38.36,0.01,-0.012803523
38.38,0.01,-0.012422601
38.40,0.00,-0.012022473
38.42,0.00,-0.01161401
38.44,0.00,-0.01120458
38.46,0.00,-0.010799048
38.48,0.00,-0.010402081
38.50,0.00,-0.010018245
38.52,0.00,-0.009650904
38.54,0.00,-0.009298921
38.56,0.00,-0.008956257
38.58,0.00,-0.008617074
38.60,0.00,-0.008277931
38.62,0.00,-0.00793729
38.64,0.00,-0.007597014
38.66,0.00,-0.007261864
38.68,0.00,-0.006937403
38.70,0.00,-0.006629693
38.72,-0.01,-0.006345095
38.74,-0.01,-0.006088372
38.76,0.00,-0.005859481
38.78,0.00,-0.005653881
38.80,0.00,-0.005462626
38.82,0.00,-0.00527337
38.84,0.01,-0.005075667
38.86,0.01,-0.004862773
38.88,0.00,-0.004632843
38.90,0.00,-0.004388635
38.92,0.00,-0.004133405
38.94,0.00,-0.003868211
38.96,0.00,-0.003592207
38.98,0.00,-0.003305848
39.00,0.00,-0.00301289
39.02,0.00,-0.002718789
39.04,0.00,-0.002428501
39.06,0.00,-0.00214578
39.08,0.00,-0.001875582
39.10,-0.01,-0.001627562
39.12,-0.01,-0.001414177
39.14,-0.01,-0.001243483
39.16,-0.01,-0.00111433
39.18,-0.01,-0.001018868
39.20,0.00,-0.000946645
39.22,0.00,-0.000886008
39.24,0.00,-0.000825503
39.26,0.00,-0.000756579
39.28,0.00,-0.000676385
39.30,0.00,-0.000586671
39.32,0.00,-0.000490588
39.34,0.00,-0.000390085
39.36,0.00,-0.000283111
39.38,0.00,-0.000166613
39.40,0.00,-4.20405E-05
39.42,0.00,8.59573E-05
39.44,0.00,0.000211931
39.46,0.00,0.00033023
39.48,0.00,0.000437908
39.50,0.00,0.000535616
39.52,0.00,0.00062531
39.54,0.00,0.000709443
39.56,0.00,0.00078947
39.58,0.00,0.000863243
39.60,0.00,0.000925715
39.62,-0.01,0.00097144
39.64,0.00,0.00099707
39.66,0.00,0.001004662
39.68,0.00,0.001003472
39.70,0.01,0.001007462
39.72,0.01,0.001032092
39.74,0.01,0.001093223
39.76,0.01,0.001203814
39.78,0.01,0.001368724
39.80,0.01,0.001584107
39.82,0.01,0.001841618
39.84,0.01,0.002132011
39.86,0.01,0.002449539
39.88,0.01,0.002794161
39.90,0.01,0.003167835
39.92,0.00,0.003568516
39.94,0.00,0.003987059
39.96,0.00,0.004410919
39.98,-0.01,0.004826649
40.00,-0.01,0.005221301
40.02,-0.01,0.005587033
40.04,-0.01,0.005921102
40.06,-0.01,0.006222464
40.08,-0.01,0.00649148
40.10,-0.01,0.006729809
40.12,-0.01,0.006937508
40.14,-0.01,0.007111736
40.16,-0.01,0.007248451
40.18,-0.01,0.00734321
40.20,-0.01,0.007391471
40.22,-0.01,0.007388792
40.24,-0.01,0.007331331
40.26,-0.01,0.007218347
40.28,-0.01,0.0070529
40.30,-0.01,0.006839651
40.32,-0.01,0.006583062
40.34,-0.01,0.006283992
40.36,-0.01,0.005938099
40.38,-0.02,0.005538842
40.40,-0.02,0.005079078
40.42,-0.02,0.004553363
40.44,-0.02,0.00396156
40.46,-0.01,0.003309628
40.48,-0.01,0.002608331
40.50,-0.01,0.001870634
40.52,0.00,0.0011093
40.54,0.00,0.000336293
40.56,0.00,-0.000437223
40.58,0.00,-0.001203087
40.60,0.00,-0.001958237
40.62,0.00,-0.002703414
40.64,0.00,-0.003440959
40.66,0.00,-0.004174414
40.68,0.00,-0.004909821
40.70,-0.01,-0.005655823
40.72,-0.01,-0.006421164
40.74,-0.01,-0.007210286
40.76,0.00,-0.008021328
40.78,0.00,-0.008848831
40.80,0.00,-0.009685832
40.82,0.00,-0.01052417
40.84,0.00,-0.011354783
40.86,0.01,-0.012168409
40.88,0.01,-0.012958388
40.90,0.01,-0.01372356
40.92,0.01,-0.014465067
40.94,0.01,-0.01518155
40.96,0.01,-0.015869551
40.98,0.01,-0.016525511
41.00,0.01,-0.017147869
41.02,0.01,-0.01773787
41.04,0.01,-0.018297957
41.06,0.01,-0.018830973
41.08,0.00,-0.019340163
41.10,0.00,-0.019828369
41.12,0.01,-0.020295836
41.14,0.01,-0.020739506
41.16,0.01,-0.02115522
41.18,0.01,-0.021540723
41.20,0.01,-0.021897359
41.22,0.00,-0.022228472
41.24,0.00,-0.02253721
41.26,0.01,-0.022823715
41.28,0.01,-0.023083833
41.30,0.01,-0.023312107
41.32,0.01,-0.02350508
41.34,0.01,-0.0236619
41.36,0.01,-0.023782811
41.38,0.01,-0.02386826
41.40,0.01,-0.023920795
41.42,0.00,-0.023948165
41.44,0.00,-0.023962022
41.46,0.00,-0.023974917
41.48,-0.01,-0.023998302
41.50,-0.01,-0.024040727
41.52,-0.01,-0.024109144
41.54,-0.01,-0.024209503
41.56,-0.01,-0.024343855
41.58,-0.01,-0.024509848
41.60,-0.01,-0.024703131
41.62,0.00,-0.024916852
41.64,0.00,-0.025141258
41.66,0.00,-0.025367098
41.68,0.00,-0.02558812
41.70,0.00,-0.025799977
41.72,0.00,-0.025998018
41.74,0.01,-0.026176093
41.76,0.01,-0.026326855
41.78,0.01,-0.026443154
41.80,0.01,-0.026521142
41.82,0.01,-0.026562076
41.84,0.01,-0.02657011
41.86,0.00,-0.026550402
41.88,0.00,-0.02650981
41.90,0.00,-0.026456993
41.92,0.00,-0.02639941
41.94,0.00,-0.02634242
41.96,0.00,-0.026290883
41.98,-0.01,-0.026249458
42.00,-0.01,-0.026222206
42.02,0.00,-0.026210585
42.04,0.00,-0.026212656
42.06,0.00,-0.026221876
42.08,0.00,-0.026225201
42.10,0.01,-0.026206689
42.12,0.01,-0.026154196
42.14,0.01,-0.026061784
42.16,0.01,-0.025926514
42.18,0.01,-0.02574645
42.20,0.01,-0.025520554
42.22,0.01,-0.025248993
42.24,0.01,-0.024933531
42.26,0.01,-0.024576435
42.28,0.01,-0.024178873
42.30,0.01,-0.023740011
42.32,0.01,-0.023257516
42.34,0.01,-0.022727955
42.36,0.01,-0.022147195
42.38,0.01,-0.021510906
42.40,0.01,-0.020814655
42.42,0.02,-0.020054712
42.44,0.01,-0.019230649
42.46,0.01,-0.018346539
42.48,0.01,-0.017408157
42.50,0.01,-0.016420878
42.52,0.01,-0.015389878
42.54,0.01,-0.014320333
42.56,0.01,-0.01321762
42.58,0.00,-0.012087419
42.60,0.00,-0.010935606
42.62,0.00,-0.009767063
42.64,0.00,-0.008583166
42.66,0.00,-0.007382096
42.68,0.00,-0.006162531
42.70,0.00,-0.004926451
42.72,0.00,-0.003678041
42.74,0.00,-0.002421383
42.76,0.00,-0.00116046
42.78,0.00,0.000101542
42.80,0.00,0.001363939
42.82,0.00,0.002627946
42.84,0.00,0.00389548
42.86,0.00,0.005169053
42.88,0.00,0.00645138
42.90,0.00,0.007743273
42.92,0.00,0.009041942
42.94,0.00,0.010342496
42.96,0.00,0.011639944
42.98,0.00,0.012930992
43.00,0.00,0.014214249
43.02,-0.01,0.015487321
43.04,-0.01,0.016745613
43.06,-0.01,0.017983529
43.08,-0.01,0.019195272
43.10,-0.01,0.020375343
43.12,-0.01,0.021519446
43.14,-0.01,0.022625781
43.16,-0.01,0.023694651
43.18,-0.01,0.024726756
43.20,-0.01,0.025721196
43.22,-0.01,0.026674068
43.24,-0.02,0.02757987
43.26,-0.02,0.028432596
43.28,-0.02,0.029226941
43.30,-0.02,0.029961502
43.32,-0.01,0.030640572
43.34,-0.01,0.031273851
43.36,-0.01,0.031874336
43.38,0.00,0.032456022
43.40,0.00,0.033032406
43.42,0.00,0.033614983
43.44,0.00,0.034212244
43.46,0.00,0.03482798
43.48,0.00,0.035461779
43.50,0.00,0.036111726
43.52,0.00,0.036775909
43.54,0.00,0.037454811
43.56,0.00,0.03815172
43.58,0.00,0.038870319
43.60,0.01,0.039614292
43.62,0.01,0.040387523
43.64,0.01,0.041192194
43.66,0.01,0.042026983
43.68,0.00,0.04288687
43.70,0.00,0.043763828
43.72,0.00,0.044648534
43.74,0.00,0.04553246
43.76,0.00,0.046408981
43.78,-0.01,0.04727257
43.80,-0.01,0.048118098
43.82,-0.01,0.048940638
43.84,-0.01,0.04973576
43.86,-0.01,0.050501735
43.88,-0.01,0.051239934
43.90,-0.01,0.051952728
43.92,-0.01,0.052641085
43.94,-0.01,0.053302374
43.96,-0.01,0.053931058
43.98,-0.01,0.054520503
44.00,-0.01,0.055063772
44.02,-0.01,0.055557027
44.04,-0.01,0.056002233
44.06,-0.01,0.056404454
44.08,-0.01,0.056769555
44.10,-0.01,0.057104099
44.12,-0.01,0.057414548
44.14,-0.01,0.057704463
44.16,-0.01,0.057972401
44.18,-0.01,0.058214821
44.20,-0.01,0.058431178
44.22,-0.01,0.05862553
44.24,0.00,0.058804035
44.26,0.00,0.058973249
44.28,0.00,0.059136227
44.30,-0.01,0.05928912
44.32,-0.01,0.059424179
44.34,-0.01,0.059532251
44.36,-0.01,0.059604385
44.38,-0.01,0.059633928
44.40,-0.01,0.059618328
44.42,-0.01,0.059560435
44.44,-0.01,0.059468698
44.46,0.00,0.059356469
44.48,0.00,0.059239299
44.50,0.01,0.059132538
44.52,0.01,0.059048135
44.54,0.01,0.058990734
44.56,0.00,0.058958479
44.58,0.00,0.058946509
44.60,0.00,0.058948065
44.62,0.00,0.058956485
44.64,0.00,0.058968909
44.66,0.00,0.058985276
44.68,0.00,0.059003623
44.70,0.00,0.059018789
44.72,0.00,0.059024908
44.74,0.00,0.059018115
44.76,0.00,0.058997248
44.78,0.00,0.05896244
44.80,0.00,0.058914329
44.82,0.00,0.058853647
44.84,-0.01,0.058779328
44.86,-0.01,0.058687305
44.88,-0.01,0.058571908
44.90,-0.01,0.058427066
44.92,-0.01,0.05824891
44.94,-0.01,0.05803817
44.96,-0.01,0.057798079
44.98,-0.01,0.057531766
45.00,-0.01,0.057238961
45.02,-0.01,0.056914691
45.04,-0.01,0.056552181
45.06,-0.01,0.056144657
45.08,-0.01,0.055686245
45.10,-0.02,0.055172068
45.12,-0.02,0.054597651
45.14,-0.02,0.05395912
45.16,-0.02,0.053253298
45.18,-0.02,0.05247851
45.20,-0.02,0.051635579
45.22,-0.02,0.050726731
45.24,-0.02,0.04975489
45.26,-0.01,0.04872568
45.28,-0.01,0.047648129
45.30,-0.01,0.04653276
45.32,0.00,0.0453906
45.34,0.00,0.044231774
45.36,0.00,0.043063706
45.38,0.00,0.041892118
45.40,0.00,0.040722532
45.42,0.00,0.039560572
45.44,0.00,0.038410757
45.46,0.00,0.037274009
45.48,0.00,0.036148447
45.50,0.00,0.035030588
45.52,0.00,0.033912949
45.54,0.00,0.032785346
45.56,-0.01,0.031638894
45.58,-0.01,0.03046741
45.60,-0.01,0.029269312
45.62,0.00,0.028047818
45.64,0.00,0.026807247
45.66,0.00,0.02555052
45.68,0.00,0.024279653
45.70,0.00,0.022996665
45.72,0.00,0.021705075
45.74,0.00,0.020410802
45.76,0.00,0.019120765
45.78,0.00,0.017841884
45.80,0.01,0.016581078
45.82,0.01,0.015344367
45.84,0.01,0.014134467
45.86,0.01,0.012950797
45.88,0.01,0.011791873
45.90,0.01,0.010658112
45.92,0.01,0.009553833
45.94,0.01,0.008484454
45.96,0.01,0.007453795
45.98,0.01,0.006464673
46.00,0.01,0.005517106
46.02,0.01,0.004606211
46.04,0.01,0.003724401
46.06,0.00,0.002863293
46.08,0.00,0.002014602
46.10,0.00,0.001172444
46.12,0.00,0.000333836
46.14,0.00,-0.000502203
46.16,0.00,-0.001336155
46.18,0.00,-0.002170101
46.20,0.00,-0.003007524
46.22,0.00,-0.003852204
46.24,0.00,-0.004708224
46.26,0.00,-0.005580065
46.28,-0.01,-0.006472908
46.30,-0.01,-0.007391434
46.32,-0.01,-0.008336423
46.34,0.00,-0.009304051
46.36,0.00,-0.010287995
46.38,0.00,-0.01128073
46.40,0.00,-0.012275532
46.42,0.00,-0.013268977
46.44,0.00,-0.014260941
46.46,0.00,-0.015252801
46.48,0.00,-0.016245834
46.50,0.00,-0.017240314
46.52,0.00,-0.018235817
46.54,0.00,-0.019231717
46.56,0.00,-0.020227486
46.58,0.00,-0.0212236
46.60,0.00,-0.022221732
46.62,0.00,-0.023223953
46.64,0.00,-0.024230737
46.66,0.00,-0.025238553
46.68,0.00,-0.02624087
46.70,0.01,-0.027230856
46.72,0.01,-0.028203477
46.74,0.01,-0.029156203
46.76,0.01,-0.030087501
46.78,0.01,-0.030996337
46.80,0.01,-0.031883479
46.82,0.00,-0.032751795
46.84,0.00,-0.03360495
46.86,0.00,-0.03444681
46.88,0.00,-0.035280141
46.90,0.00,-0.036104706
46.92,0.00,-0.036918265
46.94,0.01,-0.037718082
46.96,0.01,-0.038501014
46.98,0.01,-0.039263721
47.00,0.01,-0.040003062
47.02,0.01,-0.040716695
47.04,0.01,-0.041402876
47.06,0.01,-0.042058862
47.08,0.01,-0.042681108
47.10,0.01,-0.043268568
47.12,0.01,-0.043823698
47.14,0.01,-0.044349652
47.16,0.01,-0.044846883
47.18,0.01,-0.045312142
47.20,0.01,-0.045740477
47.22,0.01,-0.046126537
47.24,0.01,-0.04646757
47.26,0.01,-0.046765824
47.28,0.01,-0.047025848
47.30,0.01,-0.04725159
47.32,0.01,-0.047445094
47.34,0.01,-0.047607006
47.36,0.01,-0.047737869
47.38,0.01,-0.047838324
47.40,0.01,-0.047908813
47.42,0.01,-0.047948876
47.44,0.01,-0.047956951
47.46,0.01,-0.047930976
47.48,0.01,-0.047869787
47.50,0.01,-0.04777462
47.52,0.01,-0.047648411
47.54,0.01,-0.047494394
47.56,0.01,-0.047315403
47.58,0.01,-0.047113571
47.60,0.01,-0.046890627
47.62,0.01,-0.046647802
47.64,0.01,-0.046385224
47.66,0.01,-0.04610292
47.68,0.00,-0.045804016
47.70,0.00,-0.045495439
47.72,0.00,-0.045185616
47.74,0.00,-0.044882672
47.76,0.00,-0.044592529
47.78,0.00,-0.04431901
47.80,0.00,-0.044065033
47.82,0.00,-0.043831117
47.84,0.00,-0.043614877
47.86,0.00,-0.043412627
47.88,0.00,-0.04321948
47.90,0.00,-0.043028746
47.92,0.01,-0.042830934
47.94,0.01,-0.04261345
47.96,0.01,-0.042362498
47.98,0.02,-0.042066284
48.00,0.02,-0.04171721
48.02,0.02,-0.041310081
48.04,0.02,-0.040840499
48.06,0.02,-0.040308068
48.08,0.01,-0.03971879
48.10,0.01,-0.03908207
48.12,0.01,-0.03840761
48.14,0.01,-0.037702709
48.16,0.01,-0.036970766
48.18,0.01,-0.036213477
48.20,0.01,-0.035432136
48.22,0.01,-0.034628636
48.24,0.00,-0.033807371
48.26,0.00,-0.032974533
48.28,0.00,-0.032134812
48.30,0.00,-0.031289797
48.32,0.00,-0.030439974
48.34,0.00,-0.029586728
48.36,0.00,-0.028732245
48.38,0.00,-0.027878008
48.40,0.00,-0.027023597
48.42,0.00,-0.026167392
48.44,0.00,-0.025308972
48.46,0.00,-0.024451515
48.48,0.00,-0.023600999
48.50,0.00,-0.022764201
48.52,0.00,-0.021947498
48.54,-0.01,-0.021155863
48.56,-0.01,-0.020393468
48.58,-0.01,-0.019664284
48.60,-0.01,-0.018971982
48.62,-0.01,-0.018319629
48.64,-0.01,-0.017708793
48.66,-0.01,-0.017139336
48.68,-0.01,-0.016610124
48.70,-0.01,-0.016119616
48.72,-0.01,-0.015666875
48.74,-0.01,-0.01525246
48.76,-0.01,-0.014877929
48.78,-0.01,-0.014544741
48.80,-0.01,-0.01425145
48.82,-0.01,-0.013992111
48.84,0.00,-0.013759173
48.86,0.00,-0.013545686
48.88,0.00,-0.013345301
48.90,0.00,-0.013153364
48.92,0.00,-0.012968525
48.94,0.00,-0.01279103
48.96,0.00,-0.012619425
48.98,0.00,-0.012450455
49.00,0.00,-0.012282163
49.02,0.00,-0.012115992
49.04,0.00,-0.011955283
49.06,0.00,-0.01180388
49.08,0.00,-0.011666423
49.10,0.00,-0.011548151
49.12,-0.01,-0.011454304
49.14,-0.01,-0.011388317
49.16,-0.01,-0.011350327
49.18,0.00,-0.011338665
49.20,0.00,-0.011351264
49.22,0.00,-0.011384654
49.24,0.00,-0.011431763
49.26,0.00,-0.011482718
49.28,0.00,-0.011529143
49.30,0.00,-0.011565664
49.32,0.01,-0.011588006
49.34,0.01,-0.011591392
49.36,0.01,-0.011570346
49.38,0.01,-0.011518987
49.40,0.01,-0.011432236
49.42,0.01,-0.011308715
49.44,0.01,-0.011150744
49.46,0.01,-0.010961143
49.48,0.01,-0.010740331
49.50,0.01,-0.010485224
49.52,0.01,-0.010193638
49.54,0.01,-0.009869889
49.56,0.00,-0.009523397
49.58,0.00,-0.009164978
49.60,0.00,-0.008806249
49.62,0.00,-0.008456925
49.64,0.00,-0.008120519
49.66,0.00,-0.007795441
49.68,0.00,-0.0074787
49.70,0.00,-0.007169604
49.72,0.00,-0.006872164
49.74,-0.01,-0.006592888
49.76,-0.01,-0.006337787
49.78,0.00,-0.006108365
49.80,0.00,-0.005900728
49.82,0.00,-0.005710579
49.84,0.00,-0.005535121
49.86,0.00,-0.005372057
49.88,0.00,-0.00522079
49.90,0.00,-0.005083522
49.92,0.00,-0.004963757
49.94,-0.01,-0.004865298
49.96,-0.01,-0.004791646
49.98,-0.01,-0.004743401
50.00,0.00,-0.004718062
50.02,0.00,-0.004712429
50.04,0.00,-0.004723597
50.06,0.00,-0.004750967
50.08,0.00,-0.004796136
50.10,0.00,-0.004858702
50.12,0.00,-0.004935662
50.14,0.00,-0.00502331
50.16,0.00,-0.005117443
50.18,0.00,-0.005213655
50.20,0.00,-0.005307941
50.22,0.00,-0.005397997
50.24,0.00,-0.005483718
50.26,0.00,-0.0055659
50.28,0.00,-0.005646138
50.30,0.00,-0.00572713
50.32,0.00,-0.005811571
50.34,0.00,-0.005901256
50.36,0.00,-0.005997382
50.38,0.00,-0.006101043
50.40,0.00,-0.006213335
50.42,0.00,-0.006335954
50.44,0.00,-0.006471895
50.46,-0.01,-0.006624956
50.48,-0.01,-0.006799632
50.50,-0.01,-0.007001222
50.52,-0.01,-0.007235322
50.54,-0.01,-0.007506331
50.56,-0.01,-0.007814543
50.58,0.00,-0.008153355
50.60,-0.01,-0.008515359
50.62,-0.01,-0.008906754
50.64,-0.02,-0.009346745
50.66,-0.02,-0.009856537
50.68,-0.02,-0.010450431
50.70,-0.02,-0.011131628
50.72,-0.02,-0.011896827
50.74,-0.01,-0.012734121
50.76,-0.01,-0.013620806
50.78,0.00,-0.014530272
50.80,0.01,-0.015434512
50.82,0.01,-0.016311021
50.84,0.00,-0.017156301
50.86,0.01,-0.017976757
50.88,0.00,-0.018777595
50.90,-0.01,-0.019572826
50.92,-0.01,-0.020384461
50.94,-0.02,-0.021234616
50.96,-0.02,-0.022139704
50.98,-0.01,-0.023103234
51.00,-0.01,-0.024119114
51.02,-0.01,-0.025178253
51.04,-0.01,-0.026270057
51.06,-0.01,-0.027388039
51.08,-0.01,-0.028532813
51.10,0.00,-0.029697291
51.12,0.01,-0.030859883
51.14,0.01,-0.031993598
51.16,0.01,-0.033076349
51.18,0.01,-0.034108855
51.20,0.00,-0.035114246
51.22,-0.01,-0.036121356
51.24,0.00,-0.037148514
51.26,0.00,-0.038190745
51.28,0.01,-0.039229372
51.30,0.01,-0.040243516
51.32,0.01,-0.041216004
51.34,0.01,-0.042137065
51.36,0.01,-0.043003432
51.38,0.01,-0.043822946
51.40,0.00,-0.044611848
51.42,0.01,-0.045379783
51.44,0.01,-0.046122991
51.46,0.01,-0.046834714
51.48,0.01,-0.047511597
51.50,0.01,-0.048150687
51.52,0.01,-0.048748734
51.54,0.01,-0.049299087
51.56,0.01,-0.049793399
51.58,0.01,-0.050233226
51.60,0.00,-0.050631734
51.62,0.00,-0.051003687
51.64,0.00,-0.051357052
51.66,0.00,-0.051692197
51.68,0.00,-0.052006489
51.70,0.00,-0.052296999
51.72,0.00,-0.052563001
51.74,0.00,-0.052806272
51.76,0.00,-0.053028993
51.78,0.00,-0.053231446
51.80,0.01,-0.053410215
51.82,0.01,-0.053559787
51.84,0.01,-0.053674852
51.86,0.01,-0.053752501
51.88,0.01,-0.053792534
51.90,0.01,-0.053794948
51.92,0.01,-0.053757549
51.94,0.01,-0.05367574
51.96,0.01,-0.053544431
51.98,0.01,-0.053361133
52.00,0.01,-0.053127964
52.02,0.01,-0.052849846
52.04,0.01,-0.052533905
52.06,0.00,-0.052190772
52.08,0.00,-0.051833483
52.10,0.00,-0.051474675
52.12,0.00,-0.05112019
52.14,0.00,-0.050765668
52.16,0.00,-0.050403753
52.18,0.00,-0.050033195
52.20,0.00,-0.04966035
52.22,-0.01,-0.04929398
52.24,0.00,-0.048939748
52.26,-0.01,-0.048599621
52.28,-0.01,-0.048275072
52.30,0.00,-0.047966175
52.32,0.00,-0.04767071
52.34,0.00,-0.047386159
52.36,0.00,-0.047110311
52.38,0.00,-0.046842058
52.40,0.00,-0.046580598
52.42,0.00,-0.046319733
52.44,0.00,-0.046050565
52.46,0.00,-0.045774409
52.48,0.00,-0.045500184
52.50,0.00,-0.045234115
52.52,0.00,-0.04497903
52.54,0.00,-0.044734862
52.56,0.00,-0.044499047
52.58,0.00,-0.044268428
52.60,0.00,-0.044039753
52.62,0.00,-0.043809573
52.64,0.00,-0.043574447
52.66,0.00,-0.043331039
52.68,0.00,-0.04307592
52.70,0.00,-0.042806763
52.72,0.00,-0.042525153
52.74,0.00,-0.042235078
52.76,0.00,-0.041938534
52.78,0.00,-0.04163522
52.80,0.00,-0.041324143
52.82,0.00,-0.041003913
52.84,0.00,-0.04067265
52.86,0.00,-0.040327178
52.88,0.01,-0.039962825
52.90,0.01,-0.03957423
52.92,0.01,-0.039156934
52.94,0.01,-0.038710489
52.96,0.01,-0.038238053
52.98,0.00,-0.037743594
53.00,0.00,-0.037231684
53.02,0.00,-0.036707303
53.04,0.00,-0.036174239
53.06,0.00,-0.035633484
53.08,0.00,-0.035084539
53.10,0.00,-0.034528511
53.12,0.00,-0.033970618
53.14,-0.01,-0.033421884
53.16,-0.01,-0.032897245
53.18,-0.01,-0.032412844
53.20,-0.01,-0.031980029
53.22,-0.01,-0.031596354
53.24,0.00,-0.031249074
53.26,0.00,-0.030922554
53.28,0.00,-0.030602666
53.30,0.00,-0.030285995
53.32,0.00,-0.029979037
53.34,-0.01,-0.029690695
53.36,0.00,-0.029428083
53.38,-0.01,-0.02919322
53.40,0.00,-0.028984634
53.42,0.00,-0.02880056
53.44,0.00,-0.028640342
53.46,0.00,-0.028502335