time,acceleration,displacement
0.00,0.00,0.001871866
0.02,-0.01,0.00280367
0.04,-0.01,0.003675878
0.06,-0.01,0.00448195
0.08,-0.01,0.005224652
0.10,-0.01,0.005901544
0.12,-0.01,0.006504888
0.14,-0.01,0.007029343
0.16,-0.01,0.007477474
0.18,-0.01,0.007856946
0.20,-0.01,0.008174725
0.22,-0.01,0.008428873
0.24,-0.02,0.008605848
0.26,-0.02,0.008690408
0.28,-0.02,0.008677815
0.30,-0.01,0.008574634
0.32,-0.01,0.008391431
0.34,-0.01,0.008139973
0.36,0.00,0.007833226
0.38,-0.01,0.007479556
0.40,-0.01,0.007071824
0.42,-0.02,0.006588885
0.44,-0.02,0.006011995
0.46,-0.01,0.005347219
0.48,0.00,0.00462973
0.50,0.01,0.003903005
0.52,0.00,0.003180009
0.54,-0.01,0.002426094
0.56,-0.01,0.001605009
0.58,-0.02,0.00069991
0.60,-0.03,-0.000308147
0.62,-0.03,-0.00144281
0.64,-0.03,-0.002720722
0.66,-0.02,-0.004131019
0.68,-0.02,-0.005647332
0.70,-0.02,-0.007257697
0.72,-0.02,-0.008957752
0.74,-0.01,-0.010734433
0.76,0.00,-0.01255907
0.78,0.02,-0.014390892
0.80,0.02,-0.016186925
0.82,0.03,-0.0179157
0.84,0.03,-0.019556851
0.86,0.05,-0.02107911
0.88,0.05,-0.022445607
0.90,0.04,-0.02364498
0.92,0.04,-0.024694778
0.94,0.03,-0.025622952
0.96,0.02,-0.026456554
0.98,0.03,-0.02720103
1.00,0.04,-0.027831716
1.02,0.05,-0.028311642
1.04,0.07,-0.028598842
1.06,0.07,-0.028650244
1.08,0.07,-0.028444188
1.10,0.06,-0.027992523
1.12,0.04,-0.027333607
1.14,0.04,-0.026512402
1.16,0.01,-0.025582372
1.18,-0.05,-0.024668604
1.20,-0.08,-0.023947503
1.22,-0.06,-0.023512749
1.24,-0.05,-0.023342683
1.26,-0.03,-0.023371532
1.28,-0.01,-0.02352132
1.30,0.01,-0.023710971
1.32,0.03,-0.02386521
1.34,0.05,-0.023910665
1.36,0.07,-0.023770461
1.38,0.10,-0.023354622
1.40,0.12,-0.022562366
1.42,0.16,-0.021289012
1.44,0.15,-0.019457888
1.46,0.12,-0.017082854
1.48,0.10,-0.014252291
1.50,0.09,-0.01104438
1.52,0.09,-0.007486686
1.54,0.09,-0.003585266
1.56,0.09,0.000652221
1.58,0.10,0.005238823
1.60,0.12,0.010220996
1.62,0.03,0.015563271
1.64,-0.15,0.02093018
1.66,-0.21,0.025812898
1.68,-0.20,0.029920672
1.70,-0.21,0.033206624
1.72,-0.19,0.035691902
1.74,-0.18,0.037423658
1.76,-0.18,0.038439043
1.78,-0.18,0.038743195
1.80,-0.18,0.038328249
1.82,-0.17,0.037200342
1.84,-0.14,0.035417629
1.86,-0.11,0.033080277
1.88,-0.08,0.030299255
1.90,-0.04,0.027197639
1.92,0.00,0.023918206
1.94,0.04,0.020616539
1.96,0.08,0.017451922
1.98,0.12,0.014584738
2.00,0.16,0.01217667
2.02,0.20,0.010389399
2.04,0.25,0.009384107
2.06,0.28,0.009318973
2.08,0.31,0.010334171
2.10,0.33,0.012539863
2.12,0.35,0.016021203
2.14,0.29,0.020778316
2.16,0.24,0.026663279
2.18,-0.12,0.033164049
2.20,-0.24,0.039409465
2.22,-0.17,0.044886484
2.24,-0.19,0.049601228
2.26,-0.11,0.053657854
2.28,-0.08,0.057222236
2.30,-0.02,0.060498959
2.32,0.01,0.063667501
2.34,0.05,0.066885232
2.36,0.09,0.070301118
2.38,0.12,0.074059222
2.40,0.18,0.078311911
2.42,0.06,0.083084407
2.44,-0.27,0.087876263
2.46,-0.16,0.092035781
2.48,-0.18,0.095440432
2.50,-0.10,0.098234378
2.52,-0.06,0.100586885
2.54,0.02,0.102737941
2.56,-0.07,0.104803295
2.58,-0.20,0.106552181
2.60,-0.17,0.107665905
2.62,-0.17,0.108076551
2.64,-0.15,0.107829243
2.66,-0.13,0.106986106
2.68,-0.10,0.105641278
2.70,-0.08,0.103890794
2.72,-0.05,0.10183039
2.74,-0.03,0.099555901
2.76,0.00,0.097163361
2.78,0.02,0.094746703
2.80,-0.01,0.092346841
2.82,-0.04,0.089896655
2.84,-0.09,0.087259798
2.86,-0.10,0.084310231
2.88,-0.07,0.081008438
2.90,-0.06,0.077401933
2.92,-0.03,0.073564235
2.94,-0.01,0.069582771
2.96,0.02,0.065558669
2.98,0.04,0.061596756
3.00,0.07,0.057798762
3.02,-0.01,0.054161877
3.04,-0.04,0.050529944
3.06,0.00,0.046804223
3.08,0.00,0.043028819
3.10,0.04,0.039280547
3.12,0.06,0.035653328
3.14,0.09,0.032256586
3.16,0.12,0.029200846
3.18,0.14,0.02659043
3.20,0.02,0.024382009
3.22,0.02,0.022372605
3.24,0.07,0.020496782
3.26,0.07,0.018845854
3.28,0.13,0.01752844
3.30,0.14,0.016674466
3.32,0.21,0.016422161
3.34,-0.09,0.016615455
3.36,-0.13,0.016691147
3.38,-0.07,0.016338116
3.40,-0.06,0.015656774
3.42,0.01,0.014800052
3.44,0.07,0.013966592
3.46,-0.11,0.013164374
3.48,-0.15,0.01206267
3.50,-0.11,0.010444985
3.52,-0.12,0.008344406
3.54,-0.08,0.00582483
3.56,-0.06,0.00297726
3.58,-0.02,-8.33904E-05
3.60,-0.01,-0.003259017
3.62,-0.07,-0.006552147
3.64,-0.03,-0.01002843
3.66,-0.03,-0.013673889
3.68,-0.01,-0.017433235
3.70,0.00,-0.021249479
3.72,0.03,-0.025046326
3.74,0.05,-0.028735778
3.76,0.06,-0.032239741
3.78,0.02,-0.035553845
3.80,0.00,-0.038768653
3.82,-0.02,-0.041994832
3.84,0.01,-0.045268129
3.86,0.02,-0.048531958
3.88,0.06,-0.051691524
3.90,0.08,-0.054636126
3.92,0.12,-0.057239959
3.94,0.15,-0.059373316
3.96,0.18,-0.060917696
3.98,0.04,-0.061925953
4.00,0.00,-0.062675116
4.02,0.03,-0.063352483
4.04,0.03,-0.063947791
4.06,-0.01,-0.064465981
4.08,-0.01,-0.064982416
4.10,0.01,-0.065521245
4.12,0.02,-0.066027292
4.14,0.05,-0.066429574
4.16,0.07,-0.066648507
4.18,0.10,-0.066594305
4.20,0.12,-0.06617258
4.22,0.15,-0.065285442
4.24,0.17,-0.063833504
4.26,0.20,-0.061716678
4.28,0.19,-0.058861883
4.30,0.20,-0.055243057
4.32,0.18,-0.050866148
4.34,0.13,-0.045813127
4.36,-0.12,-0.040455062
4.38,-0.06,-0.035269256
4.40,-0.04,-0.030352287
4.42,-0.03,-0.025598368
4.44,-0.11,-0.021057964
4.46,-0.17,-0.016939592
4.48,-0.25,-0.013512186
4.50,-0.21,-0.010946754
4.52,-0.19,-0.009218236
4.54,-0.13,-0.008193538
4.56,-0.10,-0.00771356
4.58,-0.03,-0.007590691
4.60,0.02,-0.007613914
4.62,0.08,-0.007557607
4.64,0.13,-0.007190945
4.66,0.19,-0.006296812
4.68,-0.01,-0.004912572
4.70,-0.02,-0.003374986
4.72,0.03,-0.001848663
4.74,0.05,-0.000237624
4.76,0.10,0.00158962
4.78,0.14,0.003800268
4.80,0.19,0.006578427
4.82,0.25,0.010114903
4.84,0.17,0.014497771
4.86,-0.14,0.019326944
4.88,-0.10,0.023949355
4.90,-0.11,0.028125068
4.92,-0.09,0.031892341
4.94,-0.05,0.035322541
4.96,-0.13,0.038443518
4.98,-0.22,0.041056852
5.00,-0.17,0.04296142
5.02,-0.17,0.044162266
5.04,-0.13,0.044732456
5.06,-0.11,0.044761061
5.08,-0.08,0.044359859
5.10,-0.05,0.043642628
5.12,-0.06,0.042692337
5.14,-0.12,0.041462912
5.16,-0.12,0.039818749
5.18,-0.12,0.037697269
5.20,-0.12,0.035108514
5.22,-0.07,0.032102843
5.24,-0.06,0.028785028
5.26,0.01,0.025293654
5.28,-0.08,0.021681079
5.30,-0.17,0.017752078
5.32,-0.09,0.013331733
5.34,-0.10,0.008481504
5.36,-0.04,0.003314665
5.38,-0.01,-0.002041002
5.40,0.03,-0.00743251
5.42,0.07,-0.012708771
5.44,0.09,-0.017734503
5.46,0.05,-0.022471555
5.48,0.02,-0.027005317
5.50,0.00,-0.03145349
5.52,0.03,-0.03585655
5.54,0.05,-0.04015784
5.56,0.08,-0.044260793
5.58,0.11,-0.048057535
5.60,0.14,-0.051432992
5.62,0.16,-0.05427259
5.64,0.19,-0.056467257
5.66,0.13,-0.05799895
5.68,0.07,-0.059022683
5.70,0.02,-0.059768095
5.72,0.03,-0.060375394
5.74,0.04,-0.06086025
5.76,0.05,-0.061187515
5.78,0.02,-0.061352752
5.80,-0.01,-0.061427748
5.82,-0.02,-0.061510799
5.84,-0.01,-0.061645084
5.86,-0.02,-0.06183957
5.88,-0.03,-0.062113827
5.90,-0.02,-0.062474123
5.92,-0.01,-0.062895314
5.94,0.01,-0.063329048
5.96,0.04,-0.063700067
5.98,0.06,-0.063920306
6.00,0.03,-0.06395892
6.02,0.00,-0.063890298
6.04,-0.04,-0.063844749
6.06,-0.01,-0.063899762
6.08,0.01,-0.064012188
6.10,0.02,-0.064093364
6.12,-0.01,-0.064129351
6.14,-0.01,-0.064170531
6.16,0.01,-0.064223971
6.18,0.02,-0.064242722
6.20,0.04,-0.064170731
6.22,0.05,-0.063947944
6.24,0.02,-0.063566624
6.26,0.00,-0.063103263
6.28,-0.01,-0.062638852
6.30,0.00,-0.062196465
6.32,0.01,-0.06175366
6.34,0.00,-0.061288697
6.36,-0.01,-0.060815646
6.38,0.00,-0.060358681
6.40,0.00,-0.059916968
6.42,0.00,-0.059475169
6.44,0.01,-0.059015744
6.46,-0.01,-0.058537958
6.48,-0.03,-0.058090096
6.50,-0.04,-0.057747546
6.52,-0.02,-0.057540787
6.54,-0.02,-0.057445276
6.56,-0.02,-0.057435772
6.58,-0.01,-0.057494836
6.60,0.00,-0.057595827
6.62,0.02,-0.057689595
6.64,-0.01,-0.057751899
6.66,-0.01,-0.057821119
6.68,0.00,-0.057919229
6.70,-0.01,-0.058040294
6.72,-0.01,-0.058193485
6.74,-0.01,-0.058385771
6.76,0.00,-0.058605516
6.78,0.01,-0.058824578
6.80,0.02,-0.059002011
6.82,0.04,-0.059085867
6.84,0.07,-0.059000887
6.86,0.08,-0.058657612
6.88,0.02,-0.058065712
6.90,-0.03,-0.057381505
6.92,-0.01,-0.056740005
6.94,0.00,-0.056149882
6.96,0.02,-0.055560688
6.98,0.00,-0.054935079
7.00,-0.02,-0.054301833
7.02,-0.05,-0.053750247
7.04,-0.04,-0.053352715
7.06,-0.02,-0.053105004
7.08,0.00,-0.052943461
7.10,0.02,-0.052792031
7.12,0.03,-0.05257686
7.14,0.04,-0.052235596
7.16,0.01,-0.051761907
7.18,-0.02,-0.051233387
7.20,-0.02,-0.050740636
7.22,-0.01,-0.050308533
7.24,-0.02,-0.049929444
7.26,-0.01,-0.049609041
7.28,-0.01,-0.049337692
7.30,0.01,-0.049081257
7.32,0.01,-0.048801793
7.34,0.03,-0.048459058
7.36,0.02,-0.048021914
7.38,0.01,-0.047499233
7.40,0.00,-0.046933703
7.42,0.02,-0.046337198
7.44,0.04,-0.045653271
7.46,0.05,-0.04480837
7.48,0.02,-0.043797667
7.50,0.01,-0.042685554
7.52,0.00,-0.041533324
7.54,0.00,-0.040373561
7.56,0.01,-0.039210138
7.58,0.01,-0.038024223
7.60,0.03,-0.036784079
7.62,0.04,-0.035441864
7.64,0.05,-0.033943035
7.66,0.06,-0.03224325
7.68,0.04,-0.030335183
7.70,0.04,-0.028243115
7.72,0.06,-0.025967923
7.74,0.08,-0.023460364
7.76,0.04,-0.02070401
7.78,0.04,-0.017752754
7.80,0.01,-0.014667791
7.82,-0.02,-0.011537327
7.84,-0.03,-0.00845757
7.86,-0.04,-0.005483314
7.88,-0.04,-0.002651049
7.90,-0.05,1.6241E-05
7.92,-0.04,0.002509974
7.94,-0.05,0.004829473
7.96,-0.01,0.007013671
7.98,0.02,0.009163823
8.00,-0.02,0.011328465
8.02,-0.05,0.013425492
8.04,-0.05,0.01535569
8.06,-0.04,0.017099873
8.08,-0.04,0.018683569
8.10,-0.03,0.020124704
8.12,-0.03,0.0214376
8.14,-0.03,0.02263548
8.16,-0.03,0.023727765
8.18,-0.03,0.024719174
8.20,-0.04,0.025601322
8.22,-0.03,0.026362221
8.24,-0.02,0.027010691
8.26,-0.01,0.02758266
8.28,0.01,0.02813166
8.30,0.03,0.028724028
8.32,0.03,0.029417997
8.34,0.04,0.030243593
8.36,0.03,0.031211632
8.38,0.04,0.032325229
8.40,0.03,0.033578994
8.42,0.03,0.034962238
8.44,0.01,0.036452164
8.46,0.02,0.038022176
8.48,0.01,0.039665582
8.50,0.04,0.0414018
8.52,-0.09,0.043148113
8.54,-0.14,0.044631342
8.56,-0.14,0.045630124
8.58,-0.14,0.046096552
8.60,-0.12,0.046045639
8.62,-0.11,0.045523408
8.64,-0.08,0.044596988
8.66,-0.07,0.043341411
8.68,-0.05,0.041834108
8.70,-0.03,0.04015291
8.72,-0.01,0.038375547
8.74,-0.01,0.036557143
8.76,-0.02,0.034702202
8.78,-0.01,0.032792923
8.80,0.01,0.030850416
8.82,0.02,0.028932402
8.84,0.01,0.027066393
8.86,0.03,0.025258991
8.88,0.06,0.023573518
8.90,0.09,0.022123512
8.92,0.12,0.021031112
8.94,0.17,0.020441465
8.96,0.11,0.020428894
8.98,-0.11,0.020704303
9.00,-0.04,0.020839949
9.02,-0.05,0.020753704
9.04,-0.02,0.020524088
9.06,-0.10,0.020112587
9.08,-0.07,0.019425663
9.10,-0.06,0.018457611
9.12,-0.07,0.017243335
9.14,-0.06,0.015785929
9.16,0.00,0.01415421
9.18,0.04,0.012505521
9.20,0.11,0.011042618
9.22,0.17,0.010004472
9.24,0.10,0.00950801
9.26,0.04,0.009414677
9.28,0.07,0.009570213
9.30,0.01,0.009918987
9.32,-0.01,0.010357155
9.34,-0.05,0.010743256
9.36,-0.08,0.010938833
9.38,-0.12,0.010807627
9.40,-0.12,0.010254294
9.42,-0.08,0.009281218
9.44,-0.04,0.00800122
9.46,0.00,0.006575637
9.48,0.06,0.005179108
9.50,0.12,0.004018184
9.52,0.16,0.003314516
9.54,-0.03,0.003029576
9.56,0.00,0.002860643
9.58,-0.01,0.002671453
9.60,0.00,0.002481993
9.62,0.01,0.002311046
9.64,0.05,0.002230514
9.66,0.08,0.002357313
9.68,-0.02,0.002682415
9.70,-0.06,0.002992727
9.72,-0.02,0.003152981
9.74,-0.02,0.003208265
9.76,0.00,0.003214172
9.78,0.01,0.003209689
9.80,0.04,0.003260708
9.82,0.06,0.003457531
9.84,0.08,0.003886558
9.86,0.08,0.00460828
9.88,0.06,0.005629968
9.90,0.03,0.006885771
9.92,0.00,0.008269023
9.94,0.01,0.009698766
9.96,-0.04,0.011108045
9.98,-0.05,0.012402397
10.00,-0.01,0.013562982
10.02,0.02,0.014684395
10.04,0.06,0.015893144
10.06,0.01,0.017246311
10.08,-0.01,0.018674137
10.10,0.00,0.020109464
10.12,-0.01,0.02154055
10.14,-0.03,0.022927943
10.16,-0.04,0.024207585
10.18,-0.04,0.025341024
10.20,-0.03,0.026339422
10.22,-0.01,0.027245054
10.24,0.02,0.028128
10.26,0.05,0.029097254
10.28,0.09,0.030280716
10.30,0.12,0.031805383
10.32,0.07,0.033721229
10.34,0.02,0.035925775
10.36,-0.04,0.038218511
10.38,-0.03,0.040438439
10.40,-0.02,0.042549802
10.42,-0.09,0.044507439
10.44,-0.10,0.046175456
10.46,-0.06,0.047506592
10.48,-0.03,0.048592928
10.50,0.01,0.049564757
10.52,0.03,0.050548171
10.54,0.05,0.051645753
10.56,0.04,0.05291077
10.58,0.01,0.054310659
10.60,-0.01,0.055760941
10.62,-0.02,0.057190842
10.64,-0.03,0.058545189
10.66,-0.02,0.059794921
10.68,-0.04,0.060931179
10.70,-0.06,0.061916799
10.72,-0.07,0.062685902
10.74,-0.08,0.063178515
10.76,-0.05,0.063389178
10.78,-0.03,0.063384058
10.80,0.00,0.063260629
10.82,0.01,0.063110562
10.84,0.00,0.062971713
10.86,0.00,0.062834419
10.88,-0.02,0.062678516
10.90,-0.04,0.062450325
10.92,-0.01,0.062118077
10.94,0.01,0.06173943
10.96,0.04,0.061408653
10.98,0.06,0.061224719
11.00,0.07,0.061270291
11.02,0.03,0.061538306
11.04,-0.01,0.061920365
11.06,-0.05,0.062271358
11.08,-0.04,0.062488489
11.10,-0.02,0.062564891
11.12,0.00,0.062554417
11.14,0.01,0.062524725
11.16,0.04,0.062555376
11.18,0.02,0.062700522
11.20,-0.02,0.062910981
11.22,-0.04,0.063059146
11.24,-0.07,0.063032813
11.26,-0.07,0.062763394
11.28,-0.06,0.062236416
11.30,-0.05,0.06147552
11.32,-0.04,0.06051365
11.34,-0.03,0.059389348
11.36,-0.03,0.058137159
11.38,-0.06,0.05674801
11.40,-0.06,0.055162414
11.42,-0.09,0.053307377
11.44,-0.11,0.051097903
11.46,-0.09,0.048488405
11.48,-0.08,0.045515528
11.50,-0.06,0.04224312
11.52,-0.05,0.038730732
11.54,-0.03,0.03503291
11.56,-0.02,0.031201901
11.58,0.00,0.027300353
11.60,0.02,0.02340452
11.62,0.04,0.019596558
11.64,0.06,0.015957821
11.66,0.08,0.012561963
11.68,0.10,0.009474431
11.70,0.11,0.006757475
11.72,0.12,0.004461038
11.74,0.12,0.002616759
11.76,0.13,0.001248572
11.78,0.14,0.000382414
11.80,0.16,6.62282E-05
11.82,0.18,0.000380968
11.84,0.21,0.00141859
11.86,0.13,0.003168018
11.88,0.05,0.005413309
11.90,-0.01,0.007856493
11.92,-0.07,0.010248617
11.94,-0.06,0.012437257
11.96,-0.07,0.014378126
11.98,-0.10,0.016025537
12.00,-0.13,0.017280783
12.02,-0.12,0.018068469
12.04,-0.11,0.018388921
12.06,-0.09,0.01828808
12.08,-0.08,0.017822593
12.10,-0.08,0.017034201
12.12,-0.09,0.015923231
12.14,-0.09,0.014473805
12.16,-0.09,0.012679449
12.18,-0.09,0.010537489
12.20,-0.09,0.008046053
12.22,-0.09,0.005203368
12.24,-0.05,0.002041271
12.26,0.01,-0.001313466
12.28,0.02,-0.004691962
12.30,0.02,-0.007999757
12.32,0.06,-0.011181103
12.34,0.03,-0.014192659
12.36,0.02,-0.017062004
12.38,0.05,-0.019806515
12.40,0.06,-0.022373844
12.42,0.05,-0.024724751
12.44,0.04,-0.02687871
12.46,0.02,-0.02889201
12.48,0.02,-0.030813136
12.50,0.05,-0.032628254
12.52,0.03,-0.034293518
12.54,0.03,-0.035814998
12.56,0.04,-0.037204267
12.58,0.02,-0.038457391
12.60,0.01,-0.039613752
12.62,0.01,-0.040724033
12.64,-0.02,-0.041828114
12.66,-0.01,-0.042965075
12.68,0.00,-0.044137483
12.70,0.01,-0.045317295
12.72,0.00,-0.046483069
12.74,-0.01,-0.047650576
12.76,-0.03,-0.048877899
12.78,-0.02,-0.050210719
12.80,0.00,-0.051629892
12.82,0.02,-0.053064359
12.84,0.04,-0.054426455
12.86,0.04,-0.055645119
12.88,0.05,-0.056686103
12.90,0.05,-0.057538165
12.92,0.05,-0.058201965
12.94,0.02,-0.058708175
12.96,0.02,-0.059109873
12.98,0.03,-0.059424724
13.00,0.04,-0.059627579
13.02,0.05,-0.059678384
13.04,0.06,-0.059535784
13.06,0.06,-0.059173028
13.08,0.08,-0.058557262
13.10,0.08,-0.057643128
13.12,0.10,-0.056397072
13.14,0.04,-0.05485166
13.16,0.00,-0.053142589
13.18,-0.01,-0.051407161
13.20,-0.04,-0.049731456
13.22,-0.04,-0.048185051
13.24,-0.04,-0.046805209
13.26,-0.03,-0.045583781
13.28,-0.03,-0.044491107
13.30,0.01,-0.043477724
13.32,0.04,-0.042438945
13.34,-0.02,-0.041335509
13.36,-0.04,-0.0402795
13.38,-0.01,-0.039337689
13.40,0.01,-0.0384427
13.42,0.05,-0.037489147
13.44,0.00,-0.036435461
13.46,-0.07,-0.03540713
13.48,-0.08,-0.034600761
13.50,-0.03,-0.034054111
13.52,-0.01,-0.033656487
13.54,0.01,-0.033308801
13.56,-0.01,-0.032976081
13.58,-0.03,-0.03268938
13.60,-0.03,-0.032503556
13.62,-0.03,-0.032442256
13.64,-0.03,-0.032504119
13.66,-0.02,-0.032679079
13.68,-0.01,-0.032936865
13.70,0.00,-0.0332379
13.72,0.01,-0.033548809
13.74,0.03,-0.033819011
13.76,0.04,-0.033991223
13.78,0.10,-0.033975447
13.80,0.09,-0.033650178
13.82,0.02,-0.033037855
13.84,-0.04,-0.032342375
13.86,-0.10,-0.031807149
13.88,-0.08,-0.031594059
13.90,-0.08,-0.03172264
13.92,-0.05,-0.032141103
13.94,-0.03,-0.032781255
13.96,-0.01,-0.033560593
13.98,0.00,-0.03440192
14.00,0.02,-0.035241538
14.02,0.05,-0.036004148
14.04,0.00,-0.036659063
14.06,-0.05,-0.037323044
14.08,-0.04,-0.038129455
14.10,-0.07,-0.039132134
14.12,-0.05,-0.040367115
14.14,-0.04,-0.041818209
14.16,0.01,-0.043393006
14.18,0.06,-0.04493077
14.20,0.09,-0.046255862
14.22,0.13,-0.047228151
14.24,0.14,-0.047727913
14.26,0.12,-0.047709247
14.28,0.08,-0.04724509
14.30,0.02,-0.046495908
14.32,-0.01,-0.045642169
14.34,-0.02,-0.044813028
14.36,0.01,-0.044037502
14.38,0.02,-0.043258584
14.40,0.06,-0.042388451
14.42,0.04,-0.04135829
14.44,0.00,-0.040196215
14.46,-0.01,-0.039000264
14.48,-0.02,-0.037841565
14.50,0.00,-0.036736927
14.52,0.00,-0.035661046
14.54,-0.01,-0.03460452
14.56,-0.02,-0.03359866
14.58,-0.03,-0.032683681
14.60,-0.05,-0.031908397
14.62,-0.07,-0.031345431
14.64,-0.06,-0.031043898
14.66,-0.03,-0.03096438
14.68,-0.02,-0.031020647
14.70,0.00,-0.03114197
14.72,0.01,-0.031270126
14.74,0.01,-0.031367795
14.76,0.02,-0.031412964
14.78,0.04,-0.03136331
14.80,0.01,-0.031201819
14.82,-0.06,-0.031040018
14.84,-0.06,-0.031041049
14.86,-0.02,-0.031239013
14.88,-0.01,-0.031555971
14.90,0.03,-0.031895178
14.92,0.04,-0.03215819
14.94,0.02,-0.032302677
14.96,0.00,-0.032379141
14.98,-0.02,-0.032473793
15.00,0.00,-0.03262793
15.02,0.03,-0.032791317
15.04,0.05,-0.032865203
15.06,0.08,-0.032746235
15.08,0.06,-0.032366772
15.10,0.03,-0.031758001
15.12,0.00,-0.031028736
15.14,-0.02,-0.030295193
15.16,-0.03,-0.029633273
15.18,-0.02,-0.029067959
15.20,-0.01,-0.028587222
15.22,0.01,-0.028151124
15.24,0.02,-0.027698318
15.26,0.00,-0.027202068
15.28,-0.02,-0.026716463
15.30,-0.05,-0.026330904
15.32,-0.04,-0.02610378
15.34,-0.02,-0.026022156
15.36,0.00,-0.026023881
15.38,0.02,-0.0260379
15.40,-0.01,-0.02603387
15.42,0.00,-0.026034466
15.44,0.02,-0.026025149
15.46,0.04,-0.025937962
15.48,0.06,-0.025698845
15.50,0.05,-0.025256446
15.52,0.04,-0.024613428
15.54,0.04,-0.023803864
15.56,0.05,-0.022837621
15.58,0.07,-0.021676447
15.60,0.07,-0.020271585
15.62,0.02,-0.018653306
15.64,-0.02,-0.016955012
15.66,-0.05,-0.015331913
15.68,-0.07,-0.013903304
15.70,-0.04,-0.012704555
15.72,-0.02,-0.011677402
15.74,0.00,-0.010742176
15.76,0.01,-0.00982931
15.78,-0.01,-0.00891415
15.80,-0.04,-0.008053169
15.82,-0.05,-0.007331947
15.84,-0.03,-0.006787449
15.86,-0.02,-0.006388419
15.88,0.00,-0.006072887
15.90,0.01,-0.005772481
15.92,0.01,-0.005442939
15.94,-0.01,-0.005096514
15.96,-0.01,-0.004772668
15.98,-0.03,-0.004516265
16.00,-0.04,-0.004375769
16.02,-0.01,-0.004350628
16.04,0.01,-0.004375767
16.06,0.03,-0.004369207
16.08,0.05,-0.004250969
16.10,0.06,-0.003951674
16.12,0.06,-0.003431456
16.14,0.03,-0.002707165
16.16,-0.01,-0.001870975
16.18,-0.08,-0.001098487
16.20,-0.06,-0.000553898
16.22,-0.04,-0.000256757
16.24,-0.02,-0.000133184
16.26,0.00,-9.62912E-05
16.28,0.04,-4.31873E-05
16.30,0.03,0.000108313
16.32,0.01,0.000361571
16.34,0.03,0.000698239
16.36,0.03,0.001142485
16.38,0.03,0.001705573
16.40,0.02,0.002368058
16.42,0.02,0.003113296
16.44,0.02,0.003932544
16.46,0.00,0.004804958
16.48,-0.01,0.005681084
16.50,-0.03,0.006492762
16.52,-0.03,0.007184137
16.54,-0.01,0.007755572
16.56,0.00,0.008258046
16.58,0.02,0.008754245
16.60,-0.01,0.009268939
16.62,-0.03,0.009752878
16.64,-0.03,0.010145306
16.66,-0.04,0.010414677
16.68,-0.02,0.010551453
16.70,-0.02,0.010576708
16.72,-0.02,0.010513812
16.74,-0.02,0.010372937
16.76,0.00,0.010172653
16.78,0.00,0.009942137
16.80,-0.02,0.009681454
16.82,-0.01,0.009366364
16.84,0.01,0.009014538
16.86,0.03,0.008699869
16.88,0.07,0.008529858
16.90,0.09,0.00862211
16.92,0.09,0.009049216
16.94,0.08,0.009812046
16.96,0.05,0.010861649
16.98,0.02,0.012106664
17.00,0.00,0.013439924
17.02,-0.02,0.014774069
17.04,-0.02,0.016054949
17.06,-0.01,0.01727773
17.08,0.00,0.018471391
17.10,0.01,0.019673412
17.12,0.02,0.020923474
17.14,0.00,0.022230549
17.16,-0.01,0.02355029
17.18,-0.03,0.024813543
17.20,-0.05,0.025945554
17.22,-0.07,0.026868964
17.24,-0.06,0.027539929
17.26,-0.05,0.027977122
17.28,-0.03,0.02823243
17.30,-0.01,0.02836484
17.32,0.00,0.028435941
17.34,-0.02,0.02847211
17.36,-0.03,0.028439003
17.38,-0.05,0.02827727
17.40,-0.04,0.027951169
17.42,-0.04,0.027465467
17.44,-0.03,0.02683974
17.46,-0.04,0.026072556
17.48,-0.05,0.025137474
17.50,-0.05,0.024013055
17.52,-0.04,0.022702467
17.54,-0.04,0.021224284
17.56,-0.03,0.019604283
17.58,-0.03,0.017867138
17.60,-0.01,0.016037025
17.62,-0.01,0.014146821
17.64,0.05,0.012280221
17.66,0.07,0.010580938
17.68,0.09,0.009165176
17.70,0.08,0.008076117
17.72,0.08,0.007308524
17.74,0.04,0.006816849
17.76,0.01,0.006498324
17.78,0.00,0.006241878
17.80,-0.01,0.005984356
17.82,0.00,0.005702417
17.84,0.00,0.005408928
17.86,0.01,0.005131463
17.88,0.01,0.004889394
17.90,0.02,0.004699089
17.92,0.02,0.004579619
17.94,0.01,0.004529247
17.96,-0.01,0.004510023
17.98,-0.01,0.004481298
18.00,0.01,0.004441133
18.02,0.01,0.004420001
18.04,0.01,0.004443473
18.06,0.00,0.004507808
18.08,-0.02,0.004570955
18.10,-0.02,0.004584559
18.12,0.00,0.00454608
18.14,0.02,0.004504994
18.16,0.01,0.004506776
18.18,-0.01,0.004535682
18.20,-0.03,0.004524048
18.22,-0.03,0.004411814
18.24,-0.01,0.004200338
18.26,-0.01,0.003935494
18.28,0.00,0.003652352
18.30,0.00,0.003368674
18.32,0.01,0.003096921
18.34,0.01,0.002845453
18.36,0.01,0.002622729
18.38,0.01,0.002441209
18.40,0.02,0.002316652
18.42,0.02,0.00226552
18.44,0.03,0.002304671
18.46,0.03,0.002450967
18.48,0.04,0.002721365
18.50,0.04,0.003132825
18.52,0.05,0.003706605
18.54,0.04,0.004456263
18.56,0.02,0.005358943
18.58,0.01,0.006363279
18.60,-0.01,0.007409802
18.62,-0.01,0.008442945
18.64,0.01,0.009452154
18.66,0.00,0.010465887
18.68,-0.03,0.011468888
18.70,-0.06,0.012371476
18.72,-0.06,0.013076368
18.74,-0.06,0.013543096
18.76,-0.04,0.013790914
18.78,-0.01,0.013893893
18.80,0.03,0.013972916
18.82,0.03,0.014131062
18.84,0.00,0.014373579
18.86,-0.01,0.014637488
18.88,-0.01,0.014880219
18.90,-0.02,0.015076808
18.92,-0.04,0.015180581
18.94,-0.05,0.01513116
18.96,-0.02,0.014918182
18.98,0.00,0.014616013
19.00,0.01,0.014309719
19.02,0.01,0.014040355
19.04,0.02,0.013828064
19.06,0.03,0.013693492
19.08,0.03,0.013663284
19.10,0.04,0.013766488
19.12,0.02,0.014001039
19.14,-0.01,0.01429835
19.16,-0.03,0.014557023
19.18,-0.03,0.014712872
19.20,-0.03,0.014754027
19.22,-0.03,0.014682821
19.24,-0.03,0.014492786
19.26,-0.02,0.014184653
19.28,-0.01,0.013790664
19.30,0.01,0.013374171
19.32,0.04,0.013017431
19.34,0.04,0.012793395
19.36,0.02,0.012716699
19.38,0.02,0.012749658
19.40,0.00,0.012839182
19.42,-0.02,0.012925879
19.44,-0.03,0.012953956
19.46,-0.03,0.012882225
19.48,-0.01,0.012712213
19.50,0.01,0.012502762
19.52,0.03,0.012339524
19.54,0.06,0.012315352
19.56,0.04,0.012487387
19.58,0.01,0.012821239
19.60,0.00,0.0132305
19.62,-0.01,0.013644268
19.64,-0.03,0.014008445
19.66,-0.03,0.014276135
19.68,-0.04,0.014418045
19.70,-0.04,0.01441999
19.72,-0.04,0.014271981
19.74,-0.05,0.013960332
19.76,-0.05,0.013468053
19.78,-0.04,0.012795557
19.80,-0.04,0.011958364
19.82,-0.04,0.010969292
19.84,-0.02,0.009855862
19.86,-0.01,0.008669504
19.88,0.00,0.007462745
19.90,0.00,0.006262506
19.92,-0.01,0.005060993
19.94,-0.02,0.003831607
19.96,-0.01,0.002555052
19.98,0.01,0.001256541
20.00,0.04,1.29095E-05
20.02,0.07,-0.001075705
20.04,0.07,-0.001920668
20.06,0.08,-0.002475358
20.08,0.08,-0.002726668
20.10,0.06,-0.002685695
20.12,0.05,-0.002391351
20.14,0.03,-0.001905553
20.16,0.00,-0.001317528
20.18,-0.03,-0.000735309
20.20,-0.04,-0.000248127
20.22,-0.05,8.96021E-05
20.24,-0.04,0.000253068
20.26,-0.04,0.000245471
20.28,-0.03,8.96161E-05
20.30,-0.01,-0.000162883
20.32,0.02,-0.000424302
20.34,0.04,-0.000595512
20.36,0.06,-0.000591991
20.38,0.05,-0.000374431
20.40,0.03,2.77511E-05
20.42,0.01,0.000549928
20.44,-0.01,0.00112567
20.46,-0.03,0.001681044
20.48,-0.04,0.002139018
20.50,-0.02,0.002472671
20.52,0.00,0.002734412
20.54,0.03,0.003009558
20.56,0.05,0.003389025
20.58,0.07,0.00395953
20.60,0.06,0.004767075
20.62,0.04,0.005796142
20.64,0.02,0.006986897
20.66,0.00,0.008256198
20.68,-0.03,0.009509199
20.70,-0.05,0.010648852
20.72,-0.07,0.011586311
20.74,-0.09,0.012241333
20.76,-0.09,0.012558683
20.78,-0.06,0.012552545
20.80,-0.04,0.012301327
20.82,0.01,0.011925548
20.84,0.03,0.011565533
20.86,0.06,0.01134
20.88,0.06,0.011329653
20.90,0.04,0.011544573
20.92,0.04,0.011938023
20.94,0.03,0.012476268
20.96,0.03,0.013141378
20.98,0.00,0.013893616
21.00,-0.02,0.014659332
21.02,-0.02,0.015376381
21.04,0.00,0.016045336
21.06,0.01,0.016710185
21.08,0.03,0.017426718
21.10,0.04,0.018255927
21.12,0.06,0.019256404
21.14,0.05,0.020468131
21.16,0.03,0.021878475
21.18,0.02,0.023425885
21.20,0.00,0.025039909
21.22,-0.02,0.026651292
21.24,-0.03,0.028199382
21.26,-0.04,0.029640733
21.28,-0.05,0.030939701
21.30,-0.05,0.032062542
21.32,-0.05,0.032989614
21.34,-0.04,0.033733088
21.36,-0.03,0.03432714
21.38,-0.02,0.034808747
21.40,-0.02,0.035207382
21.42,-0.02,0.035537914
21.44,-0.01,0.03581051
21.46,-0.01,0.036042237
21.48,0.00,0.036255765
21.50,0.01,0.036474365
21.52,0.00,0.0367067
21.54,-0.01,0.036933124
21.56,-0.02,0.037118286
21.58,-0.03,0.037222935
21.60,-0.04,0.037207716
21.62,-0.03,0.037052383
21.64,-0.03,0.036765096
21.66,-0.03,0.036357219
21.68,-0.04,0.035818005
21.70,-0.05,0.035119503
21.72,-0.06,0.034230159
21.74,-0.07,0.033118622
21.76,-0.06,0.031769941
21.78,-0.05,0.030204681
21.80,0.00,0.028497321
21.82,0.03,0.026772457
21.84,0.04,0.02514188
21.86,0.07,0.023686572
21.88,0.06,0.022462405
21.90,0.05,0.021469133
21.92,0.04,0.020670198
21.94,0.04,0.020037144
21.96,0.03,0.01955662
21.98,0.04,0.019221377
22.00,0.00,0.018995355
22.02,-0.03,0.018784176
22.04,-0.05,0.018479857
22.06,-0.05,0.018013827
22.08,-0.02,0.017388138
22.10,-0.01,0.016667163
22.12,0.02,0.015930077
22.14,0.04,0.01525746
22.16,0.05,0.014725285
22.18,0.04,0.014369114
22.20,0.03,0.014168091
22.22,0.02,0.014078452
22.24,0.00,0.014054931
22.26,0.00,0.014055064
22.28,0.00,0.014058295
22.30,0.00,0.014069672
22.32,0.01,0.014104052
22.34,0.01,0.014178287
22.36,0.01,0.014300929
22.38,0.01,0.014463725
22.40,0.00,0.014651718
22.42,0.00,0.014848751
22.44,0.00,0.015040567
22.46,0.00,0.015225314
22.48,0.00,0.015407041
22.50,-0.01,0.015573493
22.52,-0.02,0.015690806
22.54,-0.04,0.015709711
22.56,-0.05,0.015572439
22.58,-0.07,0.015219916
22.60,-0.03,0.014643289
22.62,-0.01,0.013928131
22.64,0.01,0.013181026
22.66,0.03,0.012481648
22.68,0.05,0.011906367
22.70,0.05,0.01151165
22.72,0.04,0.011303548
22.74,0.03,0.011253297
22.76,0.03,0.011338938
22.78,0.03,0.011549515
22.80,0.03,0.011874973
22.82,0.02,0.012299253
22.84,0.00,0.012783792
22.86,-0.02,0.013263715
22.88,-0.04,0.013664946
22.90,-0.03,0.013941619
22.92,-0.03,0.014090679
22.94,-0.03,0.01412188
22.96,-0.02,0.01404417
22.98,-0.03,0.013864902
23.00,-0.03,0.013578322
23.02,-0.04,0.013167272
23.04,-0.04,0.012616797
23.06,-0.03,0.011927745
23.08,-0.02,0.011122273
23.10,0.00,0.010249446
23.12,0.02,0.009380836
23.14,0.02,0.00856941
23.16,0.01,0.00782252
23.18,0.01,0.007131413
23.20,0.01,0.006492138
23.22,0.01,0.005899544
23.24,0.01,0.005348578
23.26,0.01,0.004835492
23.28,0.00,0.004351031
23.30,-0.01,0.003865839
23.32,-0.03,0.003331251
23.34,-0.04,0.002690099
23.36,-0.04,0.00189332
23.38,-0.03,0.000935964
23.40,-0.02,-0.000144404
23.42,0.00,-0.001298616
23.44,0.01,-0.0024726
23.46,0.02,-0.003615887
23.48,0.02,-0.004701815
23.50,0.02,-0.005724828
23.52,0.01,-0.006691473
23.54,-0.01,-0.007631906
23.56,-0.02,-0.00859859
23.58,-0.02,-0.009638484
23.60,0.01,-0.010741729
23.62,0.03,-0.011831244
23.64,0.03,-0.01283655
23.66,0.01,-0.013754589
23.68,0.00,-0.014634221
23.70,-0.02,-0.015537607
23.72,-0.01,-0.016499401
23.74,0.00,-0.017497338
23.76,0.02,-0.018479842
23.78,0.03,-0.019393237
23.80,0.05,-0.020179944
23.82,0.05,-0.02079539
23.84,0.02,-0.021256018
23.86,-0.01,-0.021644896
23.88,-0.04,-0.022069997
23.90,-0.05,-0.022626191
23.92,-0.02,-0.023336622
23.94,-0.01,-0.024151513
23.96,0.02,-0.024990773
23.98,0.03,-0.025772414
24.00,0.01,-0.026469862
24.02,0.00,-0.027118064
24.04,-0.02,-0.027771274
24.06,-0.04,-0.028497446
24.08,-0.06,-0.029375443
24.10,-0.08,-0.030485022
24.12,-0.06,-0.031871433
24.14,-0.03,-0.033487491
24.16,0.00,-0.035214392
24.18,0.05,-0.03691462
24.20,0.08,-0.038443061
24.22,0.11,-0.039661399
24.24,0.10,-0.040488239
24.26,0.05,-0.040967724
24.28,0.01,-0.041244129
24.30,-0.04,-0.04148824
24.32,-0.09,-0.041884543
24.34,-0.13,-0.042614226
24.36,-0.09,-0.043763443
24.38,-0.06,-0.0452726
24.40,-0.02,-0.047016684
24.42,0.02,-0.048855472
24.44,0.05,-0.050641843
24.46,0.03,-0.05228799
24.48,0.03,-0.053799541
24.50,0.01,-0.055222231
24.52,0.02,-0.056580993
24.54,0.03,-0.057853639
24.56,0.05,-0.058988075
24.58,0.06,-0.059930903
24.60,0.05,-0.060655135
24.62,0.06,-0.06116359
24.64,0.06,-0.061452888
24.66,0.06,-0.061508941
24.68,0.06,-0.061325464
24.70,0.05,-0.060917781
24.72,0.02,-0.060344526
24.74,-0.01,-0.059703548
24.76,-0.02,-0.059087991
24.78,-0.03,-0.058559291
24.80,-0.03,-0.058149972
24.82,-0.04,-0.057876053
24.84,-0.05,-0.057759754
24.86,-0.07,-0.057846803
24.88,-0.07,-0.058190129
24.90,-0.08,-0.058825453
24.92,-0.09,-0.059777496
24.94,-0.06,-0.061036763
24.96,-0.02,-0.062517736
24.98,0.01,-0.064087282
25.00,0.04,-0.065616965
25.02,0.05,-0.067011764
25.04,0.04,-0.068237473
25.06,0.03,-0.069319708
25.08,0.02,-0.070302789
25.10,0.04,-0.071194524
25.12,0.06,-0.071938599
25.14,0.06,-0.072466096
25.16,0.04,-0.072774118
25.18,0.02,-0.072926388
25.20,0.00,-0.072997234
25.22,0.00,-0.073039073
25.24,-0.01,-0.073081517
25.26,-0.03,-0.073165681
25.28,-0.04,-0.073354284
25.30,-0.05,-0.073696243
25.32,-0.05,-0.074221166
25.34,-0.08,-0.074973565
25.36,-0.06,-0.075997755
25.38,-0.02,-0.077247216
25.40,0.02,-0.0785814
25.42,0.05,-0.079848754
25.44,0.08,-0.080923933
25.46,0.08,-0.081727407
25.48,0.06,-0.082253368
25.50,0.05,-0.082549426
25.52,0.05,-0.082648686
25.54,0.06,-0.082536837
25.56,0.07,-0.082175257
25.58,0.09,-0.081521727
25.60,0.09,-0.080535024
25.62,0.10,-0.079183129
25.64,0.09,-0.077453429
25.66,0.08,-0.07536182
25.68,0.03,-0.072990917
25.70,-0.03,-0.070517568
25.72,-0.09,-0.068168636
25.74,-0.14,-0.066167781
25.76,-0.09,-0.064617926
25.78,-0.05,-0.063425627
25.80,0.01,-0.062407612
25.82,0.06,-0.061363603
25.84,0.08,-0.060113126
25.86,0.06,-0.058585744
25.88,0.03,-0.056837462
25.90,0.00,-0.054977199
25.92,-0.04,-0.053129781
25.94,-0.04,-0.051396925
25.96,0.00,-0.049776213
25.98,0.02,-0.048178901
26.00,0.06,-0.046486934
26.02,0.10,-0.044551944
26.04,0.11,-0.042242172
26.06,0.11,-0.03949888
26.08,0.10,-0.036330053
26.10,0.08,-0.032784188
26.12,0.06,-0.028924985
26.14,0.05,-0.024815347
26.16,0.02,-0.020525176
26.18,-0.02,-0.016165588
26.20,-0.06,-0.011885311
26.22,-0.10,-0.007844077
26.24,-0.14,-0.004199615
26.26,-0.13,-0.001048737
26.28,-0.12,0.001599577
26.30,-0.10,0.00377936
26.32,-0.08,0.005557455
26.34,-0.06,0.007024914
26.36,-0.05,0.008255285
26.38,-0.04,0.009290203
26.40,-0.03,0.010163802
26.42,-0.02,0.01091882
26.44,-0.01,0.011593192
26.46,-0.01,0.012209751
26.48,-0.01,0.012785424
26.50,0.00,0.013341044
26.52,0.01,0.013901342
26.54,0.00,0.014480948
26.56,0.00,0.015070583
26.58,-0.01,0.015649766
26.60,0.00,0.016208417
26.62,0.00,0.016750865
26.64,0.01,0.017292938
26.66,0.02,0.017867473
26.68,0.03,0.018521411
26.70,0.05,0.019304394
26.72,0.06,0.020265964
26.74,0.06,0.021442357
26.76,0.05,0.0228335
26.78,0.03,0.024401907
26.80,0.01,0.026085684
26.82,0.00,0.027818734
26.84,0.00,0.029556671
26.86,-0.01,0.031279013
26.88,-0.01,0.032972482
26.90,-0.02,0.034617099
26.92,-0.02,0.036190982
26.94,0.00,0.037708062
26.96,0.01,0.039223184
26.98,0.02,0.040790391
27.00,0.03,0.042444722
27.02,0.03,0.044201607
27.04,0.02,0.04605217
27.06,0.00,0.047956925
27.08,-0.01,0.04986248
27.10,-0.02,0.051724148
27.12,-0.02,0.053515045
27.14,-0.01,0.055237598
27.16,-0.01,0.05691174
27.18,-0.01,0.058546901
27.20,-0.02,0.060132302
27.22,-0.02,0.061651665
27.24,-0.02,0.063090709
27.26,-0.02,0.064437258
27.28,-0.02,0.065693737
27.30,-0.01,0.066878078
27.32,-0.02,0.068000509
27.34,-0.03,0.069045951
27.36,-0.03,0.06998652
27.38,-0.03,0.070801333
27.40,-0.05,0.07147021
27.42,-0.04,0.071970667
27.44,-0.03,0.072305331
27.46,-0.02,0.072507936
27.48,-0.01,0.072626722
27.50,0.00,0.07271253
27.52,0.00,0.072796894
27.54,-0.01,0.072874737
27.56,-0.01,0.072924574
27.58,-0.02,0.072931524
27.60,-0.02,0.072882406
27.62,-0.02,0.072760938
27.64,-0.03,0.072542434
27.66,-0.04,0.072192707
27.68,-0.05,0.071680067
27.70,-0.04,0.070993533
27.72,-0.04,0.070146332
27.74,-0.03,0.069163193
27.76,-0.02,0.068075748
27.78,0.00,0.066925531
27.80,0.02,0.065769183
27.82,0.03,0.064669944
27.84,0.04,0.063678851
27.86,0.04,0.062823534
27.88,0.03,0.062101711
27.90,0.01,0.061478792
27.92,0.00,0.060898076
27.94,-0.01,0.060305567
27.96,-0.02,0.059658668
27.98,-0.02,0.058926989
28.00,-0.01,0.058112047
28.02,-0.01,0.057241872
28.04,0.00,0.056346989
28.06,0.01,0.055457927
28.08,0.02,0.054609014
28.10,0.03,0.053837778
28.12,0.04,0.05318005
28.14,0.03,0.05265485
28.16,0.02,0.052246289
28.18,0.00,0.051907269
28.20,-0.02,0.051575384
28.22,-0.03,0.051182627
28.24,-0.02,0.050688401
28.26,-0.01,0.050106522
28.28,0.00,0.049480521
28.30,0.02,0.048860928
28.32,0.03,0.048303174
28.34,0.02,0.047844584
28.36,0.01,0.04747797
28.38,0.01,0.047173034
28.40,0.00,0.04690448
28.42,0.00,0.046649913
28.44,0.00,0.046393439
28.46,0.00,0.046127768
28.48,0.00,0.045847809
28.50,-0.01,0.04554577
28.52,-0.02,0.045205656
28.54,-0.02,0.044810873
28.56,-0.01,0.04436343
28.58,0.00,0.043886044
28.60,0.00,0.043399132
28.62,-0.02,0.0428935
28.64,-0.02,0.042333843
28.66,-0.04,0.041677058
28.68,-0.04,0.040886538
28.70,-0.03,0.039960593
28.72,-0.02,0.038931639
28.74,0.00,0.037843497
28.76,0.02,0.036751593
28.78,0.03,0.035719254
28.80,0.04,0.034802104
28.82,0.04,0.034034559
28.84,0.04,0.033426228
28.86,0.03,0.032968614
28.88,0.02,0.032633813
28.90,0.01,0.032381216
28.92,0.01,0.032179116
28.94,0.00,0.03200361
28.96,-0.01,0.031828293
28.98,-0.01,0.03162646
29.00,-0.01,0.031379208
29.02,-0.01,0.031082038
29.04,-0.01,0.030739054
29.06,-0.01,0.03035596
29.08,-0.01,0.029931957
29.10,-0.02,0.029451043
29.12,-0.03,0.02888831
29.14,-0.04,0.028216452
29.16,-0.04,0.02741196
29.18,-0.03,0.026471135
29.20,-0.02,0.025412482
29.22,0.00,0.024280717
29.24,0.01,0.023139961
29.26,0.02,0.022041328
29.28,0.03,0.021019031
29.30,0.02,0.020088373
29.32,0.02,0.019239349
29.34,0.01,0.018453152
29.36,0.02,0.017720178
29.38,0.02,0.017049127
29.40,0.02,0.016457703
29.42,0.01,0.015948805
29.44,0.01,0.015498021
29.46,-0.01,0.015065938
29.48,-0.01,0.014616639
29.50,0.00,0.014138919
29.52,0.00,0.013648078
29.54,0.01,0.013168021
29.56,0.01,0.012719151
29.58,0.00,0.012303164
29.60,0.00,0.011904552
29.62,-0.01,0.011503403
29.64,-0.01,0.011079306
29.66,-0.01,0.010618053
29.68,-0.01,0.010113735
29.70,-0.01,0.009562548
29.72,-0.02,0.008956982
29.74,-0.02,0.00828493
29.76,-0.01,0.007545985
29.78,0.00,0.00676545
29.80,0.01,0.005978131
29.82,0.01,0.005213831
29.84,0.02,0.004500953
29.86,0.02,0.003860999
29.88,0.02,0.003297863
29.90,0.01,0.002802836
29.92,0.01,0.002364307
29.94,0.01,0.001974769
29.96,0.02,0.001637014
29.98,0.01,0.001356237
30.00,0.01,0.001129831
30.02,0.01,0.000950287
30.04,0.01,0.000807894
30.06,0.00,0.000684438
30.08,-0.01,0.000556405
30.10,-0.01,0.000407183
30.12,-0.02,0.000218357
30.14,-0.03,-4.65921E-05
30.16,-0.04,-0.000435587
30.18,-0.05,-0.000992549
30.20,-0.05,-0.001742395
30.22,-0.04,-0.002677929
30.24,-0.03,-0.00376855
30.26,-0.01,-0.004967651
30.28,0.01,-0.006212818
30.30,0.01,-0.007445841
30.32,0.02,-0.008631815
30.34,0.02,-0.009755545
30.36,0.02,-0.010808734
30.38,0.03,-0.011779788
30.40,0.03,-0.012647307
30.42,0.03,-0.013390391
30.44,0.03,-0.01400965
30.46,0.02,-0.014528498
30.48,0.00,-0.014983155
30.50,-0.01,-0.015420145
30.52,-0.02,-0.01588879
30.54,-0.02,-0.016427011
30.56,-0.03,-0.017060623
30.58,-0.03,-0.017805841
30.60,-0.02,-0.01865977
30.62,-0.02,-0.019604412
30.64,-0.01,-0.020618868
30.66,-0.01,-0.02168774
30.68,-0.01,-0.022807034
30.70,-0.01,-0.023972957
30.72,0.00,-0.02517061
30.74,0.00,-0.026377793
30.76,0.01,-0.027573507
30.78,0.01,-0.028747056
30.80,0.01,-0.029898345
30.82,0.01,-0.031027982
30.84,0.01,-0.03212747
30.86,0.02,-0.033177711
30.88,0.02,-0.034155503
30.90,0.03,-0.035036344
30.92,0.03,-0.035801934
30.94,0.03,-0.036452381
30.96,0.02,-0.037001493
30.98,0.02,-0.037466283
31.00,0.02,-0.03785796
31.02,0.02,-0.038171828
31.04,0.03,-0.038391787
31.06,0.03,-0.038502137
31.08,0.02,-0.038504785
31.10,0.01,-0.038427843
31.12,0.00,-0.038314332
31.14,-0.02,-0.038214673
31.16,-0.03,-0.038184087
31.18,-0.03,-0.038268094
31.20,-0.02,-0.0384736
31.22,-0.02,-0.038771601
31.24,0.00,-0.039122487
31.26,0.00,-0.03948945
31.28,-0.01,-0.039860889
31.30,-0.01,-0.040252314
31.32,-0.01,-0.040682233
31.34,-0.01,-0.041162152
31.36,-0.01,-0.041696578
31.38,-0.01,-0.04228191
31.40,-0.01,-0.042908448
31.42,0.00,-0.04356179
31.44,0.00,-0.044222931
31.46,0.01,-0.044871167
31.48,0.02,-0.045483692
31.50,0.02,-0.046032599
31.52,0.03,-0.046486378
31.54,0.03,-0.046818721
31.56,0.03,-0.047019528
31.58,0.02,-0.047101701
31.60,0.01,-0.047102555
31.62,0.00,-0.047067004
31.64,0.00,-0.047024257
31.66,0.00,-0.046988719
31.68,-0.01,-0.046971993
31.70,-0.01,-0.046987484
31.72,-0.02,-0.047050695
31.74,-0.01,-0.047169228
31.76,-0.01,-0.047332579
31.78,0.00,-0.047519738
31.80,0.00,-0.047714399
31.82,0.00,-0.047910959
31.84,0.00,-0.048107415
31.86,0.00,-0.048297161
31.88,0.01,-0.048469493
31.90,0.01,-0.048614604
31.92,0.01,-0.048725889
31.94,0.01,-0.048796944
31.96,0.01,-0.048819061
31.98,0.02,-0.048782534
32.00,0.02,-0.048677255
32.02,0.03,-0.048489518
32.04,0.03,-0.04819921
32.06,0.03,-0.047791522
32.08,0.02,-0.047271951
32.10,0.01,-0.046667302
32.12,0.00,-0.046018982
32.14,0.00,-0.045361799
32.16,0.00,-0.04471085
32.18,-0.01,-0.044073833
32.20,-0.01,-0.043459645
32.22,-0.01,-0.042872881
32.24,0.00,-0.042305832
32.26,0.00,-0.041741987
32.28,0.01,-0.041162132
32.30,0.02,-0.040544153
32.32,0.02,-0.039865336
32.34,0.01,-0.03911597
32.36,0.01,-0.038310452
32.38,0.00,-0.037474183
32.40,0.00,-0.036628862
32.42,-0.01,-0.035793086
32.44,-0.01,-0.034983754
32.46,-0.01,-0.034209159
32.48,-0.01,-0.03346519
32.50,0.00,-0.032742637
32.52,0.00,-0.032032987
32.54,0.00,-0.03132943
32.56,0.00,-0.030627653
32.58,0.00,-0.029926847
32.60,0.00,-0.029228604
32.62,0.00,-0.028534313
32.64,0.00,-0.027843564
32.66,0.00,-0.027154447
32.68,0.00,-0.026463949
32.70,0.01,-0.025764959
32.72,0.01,-0.025045261
32.74,0.01,-0.02429054
32.76,0.02,-0.02348668
32.78,0.01,-0.022626368
32.80,0.01,-0.021714294
32.82,0.01,-0.02076315
32.84,0.00,-0.019790031
32.86,0.00,-0.018814131
32.88,-0.01,-0.017855444
32.90,-0.01,-0.016929964
32.92,0.00,-0.01603808
32.94,0.00,-0.015165673
32.96,0.00,-0.014296127
32.98,0.00,-0.013416524
33.00,0.01,-0.01251795
33.02,0.01,-0.01159599
33.04,0.00,-0.010652232
33.06,0.00,-0.009692365
33.08,0.00,-0.008724478
33.10,0.00,-0.007757962
33.12,0.00,-0.006800106
33.14,0.00,-0.005852297
33.16,0.00,-0.004911121
33.18,0.00,-0.003973163
33.20,0.00,-0.00303831
33.22,0.00,-0.002109349
33.24,0.00,-0.001189867
33.26,0.00,-0.000282753
33.28,0.00,0.000613908
33.30,0.00,0.001507633
33.32,0.00,0.002407837
33.34,0.01,0.003324439
33.36,0.01,0.004264755
33.38,0.01,0.005229698
33.40,0.00,0.00621228
33.42,0.00,0.007197111
33.44,-0.01,0.008166297
33.46,-0.01,0.009109751
33.48,-0.01,0.010026686
33.50,-0.01,0.010913914
33.52,-0.02,0.011757545
33.54,-0.02,0.012541288
33.56,-0.01,0.013262856
33.58,-0.01,0.013937069
33.60,0.00,0.014582445
33.62,0.00,0.015211603
33.64,0.00,0.01583246
33.66,0.00,0.016451331
33.68,0.00,0.017074933
33.70,0.01,0.017714883
33.72,0.01,0.0183869
33.74,0.01,0.019097701
33.76,0.00,0.019838395
33.78,0.00,0.020593292
33.80,0.00,0.021348101
33.82,0.00,0.022094132
33.84,0.00,0.022827398
33.86,0.00,0.02354521
33.88,-0.01,0.024244082
33.90,-0.01,0.024914124
33.92,-0.01,0.025542644
33.94,-0.01,0.026125654
33.96,-0.01,0.02666627
33.98,-0.01,0.027169104
34.00,-0.01,0.027639071
34.02,-0.01,0.028075485
34.04,-0.01,0.028469255
34.06,-0.02,0.028808589
34.08,-0.01,0.029087298
34.10,-0.01,0.029308396
34.12,-0.01,0.029478797
34.14,-0.01,0.029604015
34.16,-0.01,0.029687562
34.18,-0.01,0.029731753
34.20,-0.01,0.029741099
34.22,0.00,0.029728717
34.24,0.01,0.029715926
34.26,0.01,0.029725644
34.28,0.02,0.029778889
34.30,0.02,0.029894179
34.32,0.02,0.030082027
34.34,0.01,0.030338543
34.36,0.01,0.030651334
34.38,0.01,0.031006106
34.40,0.00,0.031385964
34.42,-0.01,0.031768509
34.44,-0.01,0.032129145
34.46,-0.01,0.032450876
34.48,-0.01,0.032724908
34.50,-0.02,0.032943548
34.52,-0.02,0.033094702
34.54,-0.03,0.033160373
34.56,-0.03,0.033124365
34.58,-0.02,0.032985985
34.60,-0.02,0.032760048
34.62,-0.01,0.032466269
34.64,-0.01,0.032126462
34.66,0.00,0.031763943
34.68,0.01,0.031401827
34.70,0.01,0.031061529
34.72,0.01,0.030761963
34.74,0.02,0.030520942
34.76,0.02,0.030356077
34.78,0.03,0.030283682
34.80,0.03,0.030313566
34.82,0.02,0.030444534
34.84,0.02,0.03066469
34.86,0.01,0.030955633
34.88,0.01,0.031295662
34.90,0.00,0.031655673
34.92,-0.02,0.031997958
34.94,-0.02,0.032285911
34.96,-0.03,0.032492728
34.98,-0.03,0.032603709
35.00,-0.02,0.032615557
35.02,-0.02,0.032531777
35.04,-0.02,0.032361577
35.06,-0.01,0.032120564
35.08,-0.01,0.031827449
35.10,0.00,0.031504142
35.12,0.00,0.031175454
35.14,0.01,0.030864296
35.16,0.01,0.030586273
35.18,0.01,0.030347793
35.20,0.01,0.030150255
35.22,0.01,0.029994364
35.24,0.01,0.029884121
35.26,0.01,0.02982483
35.28,0.01,0.029814592
35.30,0.01,0.029844903
35.32,0.00,0.029902761
35.34,0.00,0.029970061
35.36,-0.01,0.030026596
35.38,-0.01,0.030051858
35.40,-0.02,0.030024842
35.42,-0.02,0.02992854
35.44,-0.01,0.029761752
35.46,-0.01,0.029538982
35.48,0.00,0.029279134
35.50,0.00,0.028997312
35.52,0.00,0.028699516
35.54,0.00,0.028386044
35.56,0.00,0.028055894
35.58,0.00,0.027708763
35.60,0.00,0.027348049
35.62,0.00,0.026978252
35.64,0.00,0.026601568
35.66,0.00,0.026219095
35.68,0.00,0.02583183
35.70,0.00,0.025440569
35.72,0.00,0.02504971
35.74,0.01,0.024671251
35.76,0.01,0.024321894
35.78,0.01,0.024013139
35.80,0.01,0.023741878
35.82,0.00,0.023494303
35.84,0.00,0.023253803
35.86,-0.01,0.023002166
35.88,-0.01,0.022723782
35.90,-0.01,0.022411141
35.92,-0.01,0.022062538
35.94,-0.01,0.021677665
35.96,-0.01,0.021257416
35.98,-0.01,0.020806686
36.00,0.00,0.020335871
36.02,0.00,0.019857969
36.04,0.00,0.019385576
36.06,0.00,0.018926686
36.08,0.00,0.018482893
36.10,0.00,0.018053288
36.12,0.00,0.017637963
36.14,0.01,0.017240011
36.16,0.01,0.016864624
36.18,0.01,0.016517595
36.20,0.01,0.016204018
36.22,0.01,0.015925084
36.24,0.01,0.015678282
36.26,0.01,0.015460301
36.28,0.01,0.015270033
36.30,0.01,0.015110567
36.32,0.01,0.014987195
36.34,0.01,0.01490501
36.36,0.01,0.0148652
36.38,0.01,0.014862954
36.40,0.01,0.014890959
36.42,0.01,0.014944203
36.44,0.01,0.015023974
36.46,0.01,0.015136364
36.48,0.01,0.015288763
36.50,0.01,0.015488863
36.52,0.01,0.015739154
36.54,0.01,0.01603252
36.56,0.00,0.016357047
36.58,0.00,0.016700118
36.60,0.00,0.017048717
36.62,0.00,0.017390927
36.64,-0.01,0.017716634
36.66,-0.01,0.018016622
36.68,-0.01,0.018281175
36.70,-0.02,0.018497877
36.72,-0.02,0.018651709
36.74,-0.02,0.018727454
36.76,-0.03,0.018711694
36.78,-0.03,0.018594714
36.80,-0.03,0.018370799
36.82,-0.03,0.018036233
36.84,-0.03,0.017589303
36.86,-0.03,0.017031697
36.88,-0.03,0.016367101
36.90,-0.03,0.015599404
36.92,-0.02,0.014734394
36.94,-0.02,0.013783761
36.96,-0.01,0.012764296
36.98,-0.01,0.011691392
37.00,-0.01,0.010573836
37.02,-0.01,0.009415417
37.04,-0.01,0.008218921
37.06,-0.01,0.006988035
37.08,-0.01,0.005728247
37.10,0.00,0.004445946
37.12,0.00,0.003147919
37.14,0.00,0.001843555
37.16,0.00,0.000544443
37.18,0.00,-0.000741227
37.20,0.00,-0.002009768
37.22,0.00,-0.003259796
37.24,0.00,-0.004491723
37.26,0.00,-0.005706564
37.28,0.00,-0.006905535
37.30,0.00,-0.008089949
37.32,0.00,-0.009259321
37.34,0.01,-0.010409463
37.36,0.01,-0.011533488
37.38,0.01,-0.012622907
37.40,0.01,-0.01366813
37.42,0.02,-0.01465927
37.44,0.02,-0.015586636
37.46,0.02,-0.016444241
37.48,0.02,-0.017232099
37.50,0.02,-0.017952925
37.52,0.01,-0.018610233
37.54,0.01,-0.019211241
37.56,0.01,-0.019768966
37.58,0.00,-0.020298927
37.60,0.00,-0.020814642
37.62,0.00,-0.021323326
37.64,0.00,-0.021824395
37.66,0.00,-0.022313859
37.68,0.01,-0.022787031
37.70,0.01,-0.023238422
37.72,0.01,-0.023661043
37.74,0.01,-0.024046005
37.76,0.01,-0.024383717
37.78,0.01,-0.02466679
37.80,0.01,-0.024894437
37.82,0.01,-0.025070572
37.84,0.01,-0.025197408
37.86,0.01,-0.025274658
37.88,0.01,-0.025301334
37.90,0.01,-0.025276148
37.92,0.01,-0.025200813
37.94,0.01,-0.025083143
37.96,0.00,-0.024934555
37.98,0.00,-0.024766963
38.00,0.00,-0.024590384
38.02,0.00,-0.024412031
38.04,0.00,-0.024238017
38.06,0.00,-0.024071355
38.08,0.00,-0.023907755
38.10,0.00,-0.023737525
38.12,0.01,-0.023549472
38.14,0.01,-0.023331803
38.16,0.01,-0.023072825
38.18,0.01,-0.022767046
38.20,0.01,-0.022421779
38.22,0.00,-0.02205244
38.24,0.00,-0.021676243
38.26,-0.01,-0.021311906
38.28,-0.01,-0.020975442
38.30,-0.01,-0.020670463
38.32,0.00,-0.020388475
38.34,0.00,-0.020117583
38.36,0.00,-0.019847593
38.38,0.00,-0.019572712
38.40,0.00,-0.019289847
38.42,0.00,-0.018996506
38.44,0.00,-0.018689596
38.46,0.01,-0.018363324
38.48,0.01,-0.018009894
38.50,0.01,-0.017620912
38.52,0.01,-0.017187682
38.54,0.01,-0.016703009
38.56,0.01,-0.016163699
38.58,0.01,-0.015569359
38.60,0.01,-0.014920195
38.62,0.01,-0.014216514
38.64,0.01,-0.013461723
38.66,0.00,-0.012670033
38.68,0.00,-0.011865758
38.70,-0.01,-0.01107161
38.72,-0.01,-0.0103022
38.74,-0.01,-0.009567736
38.76,-0.02,-0.008880327
38.78,-0.02,-0.008255682
38.80,-0.02,-0.007705411
38.82,-0.02,-0.007231117
38.84,-0.02,-0.006829504
38.86,-0.02,-0.006496174
38.88,-0.01,-0.006225729
38.90,-0.01,-0.00601267
38.92,-0.01,-0.005852599
38.94,-0.01,-0.005742918
38.96,-0.01,-0.00568183
38.98,-0.01,-0.005667835
39.00,-0.01,-0.005699336
39.02,-0.01,-0.005770332
39.04,0.00,-0.005867322
39.06,0.00,-0.005975201
39.08,0.00,-0.006085667
39.10,0.00,-0.006197623
39.12,0.00,-0.006312668
39.14,0.00,-0.006433304
39.16,0.00,-0.006560432
39.18,0.00,-0.00669045
39.20,0.00,-0.006816856
39.22,0.01,-0.006932248
39.24,0.01,-0.007030122
39.26,0.00,-0.007108676
39.28,0.00,-0.007171011
39.30,0.00,-0.007222528
39.32,0.00,-0.007269825
39.34,0.00,-0.007319904
39.36,0.00,-0.007377764
39.38,0.00,-0.007443203
39.40,0.00,-0.007512116
39.42,0.00,-0.007579499
39.44,0.00,-0.007639847
39.46,0.00,-0.007687355
39.48,0.01,-0.007716717
39.50,0.01,-0.007723828
39.52,0.01,-0.007705283
39.54,0.01,-0.007657776
39.56,0.01,-0.007578002
39.58,0.01,-0.007459653
39.60,0.02,-0.00729032
39.62,0.01,-0.007060496
39.64,0.01,-0.006774875
39.66,0.01,-0.006447256
39.68,0.00,-0.006092039
39.70,0.00,-0.005723021
39.72,0.00,-0.0053537
39.74,-0.01,-0.004997373
39.76,-0.01,-0.004666938
39.78,-0.01,-0.00437139
39.80,-0.01,-0.004112222
39.82,-0.01,-0.003886425
39.84,-0.01,-0.00368899
39.86,0.00,-0.003512407
39.88,0.00,-0.003347663
39.90,0.00,-0.003183746
39.92,0.01,-0.003008744
39.94,0.00,-0.002815945
39.96,0.00,-0.00260544
39.98,0.00,-0.002379819
40.00,0.00,-0.002142476
40.02,0.00,-0.001897399
40.04,0.00,-0.001648481
40.06,0.00,-0.001399613
40.08,0.00,-0.001154284
40.10,0.00,-0.000912783
40.12,0.00,-0.000670899
40.14,0.00,-0.000422818
40.16,0.00,-0.000165028
40.18,0.00,0.000101784
40.20,0.00,0.000375529
40.22,0.00,0.000656519
40.24,0.00,0.000947367
40.26,0.00,0.001251587
40.28,0.00,0.001572493
40.30,0.00,0.001909098
40.32,0.00,0.002254112
40.34,0.00,0.002597546
40.36,-0.01,0.00292861
40.38,-0.01,0.003235913
40.40,-0.01,0.003508167
40.42,-0.01,0.003737782
40.44,-0.01,0.003924974
40.46,-0.01,0.004074858
40.48,-0.01,0.004192952
40.50,-0.01,0.00428337
40.52,-0.01,0.00434873
40.54,-0.01,0.004391447
40.56,0.00,0.004414437
40.58,0.00,0.004421018
40.60,0.00,0.004414606
40.62,0.00,0.004398818
40.64,0.00,0.004377471
40.66,0.00,0.004354284
40.68,0.00,0.004332872
40.70,0.00,0.004316755
40.72,0.00,0.004306449
40.74,0.00,0.004296869
40.76,0.00,0.004280029
40.78,-0.01,0.004247243
40.80,-0.01,0.004189227
40.82,-0.01,0.004096694
40.84,-0.01,0.003960859
40.86,-0.02,0.003773436
40.88,-0.02,0.003526741
40.90,-0.02,0.00321489
40.92,-0.02,0.0028337
40.94,-0.02,0.002379287
40.96,-0.02,0.001847868
40.98,-0.02,0.001235761
41.00,-0.02,0.000541483
41.02,-0.02,-0.000230547
41.04,-0.01,-0.001070004
41.06,-0.01,-0.001959767
41.08,0.00,-0.002876908
41.10,0.00,-0.003800802
41.12,0.01,-0.004716024
41.14,0.01,-0.005609453
41.16,0.01,-0.006471464
41.18,0.01,-0.007296638
41.20,0.01,-0.008082555
41.22,0.01,-0.008830995
41.24,0.01,-0.009547341
41.26,0.00,-0.010239477
41.28,0.00,-0.010917886
41.30,0.00,-0.011594052
41.32,-0.01,-0.01227966
41.34,0.00,-0.012982793
41.36,0.00,-0.013701131
41.38,0.00,-0.01442445
41.40,0.00,-0.015142327
41.42,0.00,-0.015846641
41.44,0.01,-0.016531769
41.46,0.01,-0.01719459
41.48,0.01,-0.017833286
41.50,0.01,-0.018446334
41.52,0.01,-0.019032316
41.54,0.01,-0.01958981
41.56,0.01,-0.020117497
41.58,0.01,-0.020614256
41.60,0.01,-0.021079769
41.62,0.01,-0.021515014
41.64,0.01,-0.021921674
41.66,0.01,-0.022301729
41.68,0.01,-0.022657261
41.70,0.00,-0.02299025
41.72,0.01,-0.023300977
41.74,0.01,-0.023585621
41.76,0.01,-0.023837561
41.78,0.01,-0.024049775
41.80,0.01,-0.024215742
41.82,0.01,-0.02432994
41.84,0.01,-0.02438935
41.86,0.01,-0.024395053
41.88,0.01,-0.02435033
41.90,0.01,-0.024258865
41.92,0.01,-0.024125339
41.94,0.01,-0.023955536
41.96,0.01,-0.02375564
41.98,0.00,-0.023531934
42.00,0.00,-0.023290801
42.02,0.00,-0.023038725
42.04,0.00,-0.02278099
42.06,0.00,-0.022519479
42.08,0.00,-0.022253573
42.10,0.00,-0.021981254
42.12,0.00,-0.021697702
42.14,0.01,-0.021396698
42.16,0.01,-0.021073424
42.18,0.01,-0.02072396
42.20,0.01,-0.020344489
42.22,0.01,-0.019931492
42.24,0.01,-0.019481652
42.26,0.01,-0.018992751
42.28,0.01,-0.018464373
42.30,0.01,-0.017897302
42.32,0.00,-0.017298925
42.34,0.00,-0.01668493
42.36,0.00,-0.016067206
42.38,0.00,-0.01545074
42.40,0.00,-0.014839417
42.42,0.00,-0.014236423
42.44,0.00,-0.013645446
42.46,-0.01,-0.013071971
42.48,-0.01,-0.012522288
42.50,-0.01,-0.012002884
42.52,-0.01,-0.011520448
42.54,-0.01,-0.011081468
42.56,-0.01,-0.010688231
42.58,-0.01,-0.010336024
42.60,-0.01,-0.010016931
42.62,0.00,-0.009722336
42.64,0.00,-0.009442924
42.66,0.00,-0.009170781
42.68,0.00,-0.008901694
42.70,0.00,-0.00863405
42.72,0.00,-0.00836674
42.74,0.00,-0.00809825
42.76,0.00,-0.00782577
42.78,0.00,-0.007545589
42.80,0.00,-0.007253695
42.82,0.00,-0.006946078
42.84,0.00,-0.006619927
42.86,0.00,-0.006274734
42.88,0.00,-0.00591399
42.90,0.00,-0.005545492
42.92,0.00,-0.005178832
42.94,0.00,-0.004822808
42.96,-0.01,-0.004483214
42.98,-0.01,-0.004163444
43.00,-0.01,-0.003866293
43.02,-0.01,-0.003594156
43.04,-0.01,-0.003349326
43.06,-0.01,-0.003133201
43.08,-0.01,-0.002944374
43.10,0.00,-0.002776539
43.12,0.00,-0.002618088
43.14,0.00,-0.002454712
43.16,0.01,-0.002273004
43.18,0.01,-0.002065559
43.20,0.01,-0.001831474
43.22,0.01,-0.001571846
43.24,0.00,-0.001288376
43.26,0.00,-0.000983162
43.28,0.00,-0.000658204
43.30,0.00,-0.000316003
43.32,0.00,3.80393E-05
43.34,0.00,0.00039452
43.36,-0.01,0.000742734
43.38,0.00,0.001075877
43.40,0.00,0.001393849
43.42,0.00,0.001699847
43.44,0.00,0.001997771
43.46,0.00,0.002292118
43.48,0.00,0.002586886
43.50,0.00,0.002883971
43.52,0.00,0.003183269
43.54,0.00,0.003484075
43.56,0.00,0.003785381
43.58,0.00,0.004086383
43.60,0.00,0.004387473
43.62,0.00,0.004690146
43.64,0.00,0.004996093
43.66,0.00,0.005305707
43.68,0.00,0.005617178
43.70,0.00,0.005927697
43.72,0.00,0.006234154
43.74,0.00,0.006533436
43.76,0.00,0.006823732
43.78,0.00,0.007104732
43.80,0.00,0.007376824
43.82,0.00,0.007640695
43.84,0.00,0.007897134
43.86,0.00,0.008146226
43.88,0.00,0.008385358
43.90,-0.01,0.008609113
43.92,-0.01,0.008811174
43.94,-0.01,0.008985724
43.96,-0.01,0.009129546
43.98,-0.01,0.009242123
44.00,-0.01,0.009324238
44.02,-0.01,0.009379876
44.04,0.00,0.00941702
44.06,0.00,0.009445154
44.08,0.00,0.009473663
44.10,0.00,0.00950913
44.12,0.00,0.009553833
44.14,0.00,0.009608353
44.16,0.00,0.009672968
44.18,0.00,0.009748656
44.20,0.00,0.009838596
44.22,0.00,0.009946766
44.24,0.00,0.010075543
44.26,0.00,0.010225502
44.28,0.00,0.01039652
44.30,0.00,0.010588269
44.32,0.01,0.010800925
44.34,0.01,0.011036861
44.36,0.01,0.011300753
44.38,0.01,0.011598073
44.40,0.01,0.011933395
44.42,0.01,0.012308591
44.44,0.01,0.012723632
44.46,0.01,0.013178087
44.48,0.01,0.013671126
44.50,0.01,0.014201816
44.52,0.01,0.014769327
44.54,0.01,0.015372726
44.56,0.01,0.016010979
44.58,0.01,0.016683152
44.60,0.01,0.017388313
44.62,0.01,0.018124124
44.64,0.00,0.01888575
44.66,0.00,0.019667454
44.68,0.00,0.020465397
44.70,0.00,0.021278343
44.72,0.00,0.022106055
44.74,0.00,0.022948593
44.76,0.00,0.023805821
44.78,0.00,0.024675699
44.80,0.00,0.025554785
44.82,0.00,0.02644084
44.84,0.00,0.027333022
44.86,0.00,0.02823079
44.88,0.00,0.029133803
44.90,0.00,0.030040717
44.92,0.00,0.03094819
44.94,0.00,0.031852076
44.96,0.00,0.03274883
44.98,0.00,0.033636008
45.00,0.00,0.034511865
45.02,0.00,0.035374754
45.04,0.00,0.036222329
45.06,-0.01,0.037050443
45.08,-0.01,0.037853546
45.10,-0.01,0.038625789
45.12,-0.01,0.039361224
45.14,-0.01,0.040053799
45.16,-0.01,0.040697365
45.18,-0.01,0.041286669
45.20,-0.01,0.041821363
45.22,-0.01,0.042307197
45.24,-0.01,0.042752325
45.26,-0.01,0.043164497
45.28,-0.01,0.043548764
45.30,-0.01,0.043907475
45.32,-0.01,0.044242177
45.34,-0.01,0.044554018
45.36,-0.01,0.044844046
45.38,0.00,0.045113306
45.40,0.00,0.045362746
45.42,0.00,0.045593411
45.44,0.00,0.045806446
45.46,0.00,0.046003497
45.48,0.00,0.046186909
45.50,0.00,0.046359927
45.52,0.00,0.046528096
45.54,0.00,0.046699162
45.56,0.00,0.046880871
45.58,0.00,0.047078466
45.60,0.01,0.047294391
45.62,0.01,0.047530087
45.64,0.01,0.047787097
45.66,0.01,0.048069164
45.68,0.01,0.04838293
45.70,0.01,0.048732137
45.72,0.01,0.049113724
45.74,0.01,0.04952153
45.76,0.00,0.049948591
45.78,0.00,0.050388546
45.80,0.00,0.050838432
45.82,0.00,0.051297789
45.84,0.00,0.051766354
45.86,0.00,0.052242266
45.88,0.00,0.052721061
45.90,0.00,0.053197676
45.92,0.00,0.053668848
45.94,0.00,0.054132914
45.96,0.00,0.054588811
45.98,0.00,0.055034576
46.00,-0.01,0.055463343
46.02,-0.01,0.055862946
46.04,-0.01,0.056223117
46.06,-0.01,0.056539794
46.08,-0.01,0.056811912
46.10,-0.01,0.057039607
46.12,-0.01,0.057225116
46.14,-0.01,0.057372078
46.16,-0.01,0.05748393
46.18,-0.01,0.057562808
46.20,-0.01,0.05760995
46.22,-0.01,0.057626391
46.24,-0.01,0.057613068
46.26,0.00,0.057573119
46.28,0.00,0.057514181
46.30,0.00,0.057446495
46.32,0.00,0.057380901
46.34,0.01,0.057328737
46.36,0.01,0.057301344
46.38,0.01,0.057305762
46.40,0.01,0.057339824
46.42,0.00,0.057395366
46.44,0.00,0.057462821
46.46,0.00,0.057531622
46.48,0.00,0.057591403
46.50,0.00,0.057634998
46.52,0.00,0.057659144
46.54,0.00,0.057661978
46.56,0.00,0.057642036
46.58,-0.01,0.057598255
46.60,-0.01,0.057529575
46.62,-0.01,0.057434932
46.64,-0.01,0.057313364
46.66,0.00,0.057165411
46.68,0.00,0.056994913
46.70,0.00,0.056808011
46.72,0.00,0.056611547
46.74,0.00,0.056412063
46.76,0.00,0.056213701
46.78,0.00,0.056018402
46.80,0.00,0.055827507
46.82,0.00,0.055642559
46.84,0.01,0.055466999
46.86,0.01,0.055306173
46.88,0.01,0.055165924
46.90,0.01,0.055052197
46.92,0.01,0.054969639
46.94,0.01,0.054920692
46.96,0.01,0.054906903
46.98,0.01,0.054929616
47.00,0.01,0.054989878
47.02,0.01,0.055087735
47.04,0.01,0.055221632
47.06,0.01,0.055389317
47.08,0.01,0.055588335
47.10,0.01,0.055815934
47.12,0.01,0.056069264
47.14,0.01,0.056345271
47.16,0.01,0.056640605
47.18,0.00,0.056951816
47.20,0.00,0.057275454
47.22,0.00,0.057608272
47.24,0.00,0.057947619
47.26,0.00,0.058291351
47.28,0.00,0.05863742
47.30,0.00,0.05898388
47.32,0.00,0.059328789
47.34,0.00,0.059670201
47.36,0.00,0.060007273
47.38,0.00,0.060341066
47.40,0.00,0.060673638
47.42,0.00,0.06100695
47.44,0.00,0.061340864
47.46,0.00,0.06167184
47.48,0.00,0.061994739
47.50,0.00,0.062304123
47.52,0.00,0.062594155
47.54,-0.01,0.062859599
47.56,0.00,0.063098121
47.58,0.00,0.063310589
47.60,0.00,0.063498971
47.62,0.00,0.063666038
47.64,0.00,0.063816463
47.66,0.00,0.06395632
47.68,0.00,0.064091382
47.70,0.00,0.064225726
47.72,0.00,0.064362626
47.74,0.01,0.064507762
47.76,0.01,0.064669813
47.78,0.01,0.064858661
47.80,0.01,0.065081788
47.82,0.01,0.065339074
47.84,0.01,0.0656244
47.86,0.00,0.065930146
47.88,0.00,0.066247894
47.90,0.00,0.066568926
47.92,0.00,0.066884627
47.94,0.00,0.067187882
47.96,0.00,0.06747418
47.98,0.00,0.06773961
48.00,-0.01,0.067978362
48.02,-0.01,0.068183027
48.04,-0.01,0.068347898
48.06,-0.01,0.068470171
48.08,-0.01,0.068548241
48.10,-0.01,0.068581008
48.12,-0.01,0.068567673
48.14,-0.01,0.068507435
48.16,-0.01,0.068399599
48.18,-0.01,0.068244168
48.20,-0.01,0.06804215
48.22,-0.01,0.067795052
48.24,-0.01,0.067504483
48.26,-0.01,0.067171355
48.28,-0.01,0.06679538
48.30,-0.01,0.066375771
48.32,-0.01,0.065911642
48.34,-0.01,0.06540211
48.36,-0.01,0.064847594
48.38,-0.01,0.064250513
48.40,-0.01,0.063614191
48.42,-0.01,0.062941652
48.44,-0.01,0.06223452
48.46,-0.01,0.061493222
48.48,-0.01,0.060717986
48.50,-0.01,0.059909041
48.52,-0.01,0.059066619
48.54,-0.01,0.058191053
48.56,-0.01,0.057283577
48.58,-0.01,0.056346628
48.60,0.00,0.055382946
48.62,0.00,0.05439547
48.64,0.00,0.053387844
48.66,0.00,0.052364211
48.68,0.00,0.051328818
48.70,0.00,0.050286112
48.72,0.00,0.049240344
48.74,0.00,0.048193363
48.76,0.00,0.047143721
48.78,0.00,0.046088671
48.80,0.00,0.045025167
48.82,0.00,0.043951365
48.84,0.00,0.042869125
48.86,0.00,0.041782808
48.88,0.00,0.040695479
48.90,0.00,0.039607502
48.92,0.00,0.038518041
48.94,0.00,0.037425966
48.96,0.00,0.036329844
48.98,0.00,0.035228648
49.00,0.00,0.03412305
49.02,0.00,0.033015226
49.04,0.00,0.031907655
49.06,0.00,0.030802415
49.08,0.00,0.029699288
49.10,0.00,0.028595054
49.12,0.00,0.027485397
49.14,0.00,0.0263658
49.16,0.00,0.025232752
49.18,0.00,0.024085641
49.20,0.00,0.022925859
49.22,0.00,0.021754401
49.24,0.00,0.020570861
49.26,0.00,0.019373836
49.28,0.00,0.018161725
49.30,0.00,0.016933927
49.32,0.00,0.015691447
49.34,0.00,0.014435588
49.36,0.00,0.013165856
49.38,0.00,0.01187946
49.40,-0.01,0.010572707
49.42,0.00,0.009243307
49.44,0.00,0.007891676
49.46,0.00,0.006519528
49.48,0.00,0.005128881
49.50,0.00,0.003722154
49.52,0.00,0.00230187
49.54,0.00,0.000870049
49.56,0.00,-0.000572282
49.58,0.00,-0.002024399
49.60,0.00,-0.003482672
49.62,0.00,-0.004938271
49.64,0.01,-0.006380059
49.66,0.01,-0.007799603
49.68,0.01,-0.009192967
49.70,0.01,-0.010558313
49.72,0.01,-0.011894306
49.74,0.01,-0.013200104
49.76,0.01,-0.014474868
49.78,0.01,-0.015718355
49.80,0.01,-0.016933022
49.82,0.00,-0.018124025
49.84,0.00,-0.019297219
49.86,0.00,-0.020457357
49.88,0.00,-0.02160629
49.90,0.00,-0.022743667
49.92,0.00,-0.023868534
49.94,0.00,-0.024979736
49.96,0.00,-0.026077717
49.98,0.00,-0.027166423
50.00,0.00,-0.028251895
50.02,0.00,-0.029340678
50.04,0.00,-0.03043881
50.06,0.00,-0.031548231
50.08,0.00,-0.032665975
50.10,0.00,-0.033787376
50.12,0.00,-0.034908367
50.14,0.00,-0.036027178
50.16,0.00,-0.037144042
50.18,0.00,-0.03825979
50.20,0.00,-0.03937555
50.22,0.00,-0.040492451
50.24,0.00,-0.041611621
50.26,0.00,-0.042733685
50.28,0.00,-0.043857868
50.30,0.00,-0.044982494
50.32,0.00,-0.046105686
50.34,0.00,-0.047225465
50.36,0.00,-0.048340051
50.38,0.00,-0.049448266
50.40,0.00,-0.050549529
50.42,0.00,-0.051643358
50.44,0.00,-0.052728073
50.46,0.00,-0.053799888
50.48,0.00,-0.054853921
50.50,0.01,-0.055884986
50.52,0.01,-0.056887698
50.54,0.01,-0.05785727
50.56,0.01,-0.058792518
50.58,0.01,-0.059697158
50.60,0.00,-0.060576905
50.62,0.00,-0.061437977
50.64,0.00,-0.06228719
50.66,0.00,-0.06312956
50.68,0.00,-0.063963098
50.70,0.01,-0.064779016
50.72,0.01,-0.065566225
50.74,0.01,-0.066315834
50.76,0.00,-0.067030259
50.78,0.00,-0.067723317
50.80,-0.01,-0.068412529
50.82,0.00,-0.069109612
50.84,0.01,-0.069804977
50.86,0.01,-0.070470631
50.88,0.02,-0.071074279
50.90,0.02,-0.071593928
50.92,0.01,-0.072036598
50.94,0.01,-0.072424212
50.96,0.01,-0.072767692
50.98,0.01,-0.073068656
51.00,0.00,-0.073333126
51.02,-0.01,-0.073584428
51.04,-0.02,-0.073861397
51.06,-0.02,-0.074191863
51.08,0.00,-0.074562746
51.10,0.01,-0.074929053
51.12,0.01,-0.075254499
51.14,0.00,-0.075534208
51.16,0.00,-0.075783513
51.18,-0.01,-0.076023551
51.20,-0.01,-0.076276859
51.22,0.00,-0.076548872
51.24,0.01,-0.076816415
51.26,0.01,-0.077046414
51.28,0.01,-0.077223601
51.30,0.00,-0.077359819
51.32,0.00,-0.077469914
51.34,0.01,-0.077549929
51.36,0.01,-0.077587604
51.38,0.01,-0.077581487
51.40,0.00,-0.077541431
51.42,0.00,-0.077477091
51.44,0.00,-0.077393023
51.46,0.00,-0.077292887
51.48,0.00,-0.077183944
51.50,-0.01,-0.077076361
51.52,-0.01,-0.076977604
51.54,0.00,-0.076884843
51.56,0.00,-0.076786443
51.58,0.00,-0.076668677
51.60,0.01,-0.076516315
51.62,0.01,-0.076319936
51.64,0.00,-0.076092929
51.66,-0.01,-0.075867393
51.68,-0.01,-0.075665625
51.70,-0.01,-0.075486321
51.72,0.00,-0.075316376
51.74,0.00,-0.075139387
51.76,0.00,-0.074939855
51.78,0.00,-0.07471329
51.80,0.00,-0.07446531
51.82,0.00,-0.074201836
51.84,0.00,-0.073924192
51.86,0.00,-0.073629905
51.88,0.00,-0.073315409
51.90,0.00,-0.072978539
51.92,0.00,-0.07262094
51.94,0.00,-0.07224666
51.96,0.00,-0.071860854
51.98,-0.01,-0.071471283
52.00,-0.01,-0.071088313
52.02,-0.01,-0.070721416
52.04,-0.01,-0.070372068
52.06,0.00,-0.070032246
52.08,0.00,-0.069690332
52.10,0.00,-0.069333514
52.12,0.00,-0.068950987
52.14,0.00,-0.068543554
52.16,0.00,-0.068124131
52.18,-0.01,-0.06770984
52.20,-0.01,-0.067312809
52.22,0.00,-0.066928267
52.24,0.00,-0.066537444
52.26,0.00,-0.06612318
52.28,0.00,-0.065679623
52.30,0.00,-0.065210132
52.32,0.00,-0.064718676
52.34,0.01,-0.064201626
52.36,0.01,-0.06364846
52.38,0.01,-0.063052165
52.40,0.01,-0.062411236
52.42,0.01,-0.061725579
52.44,0.01,-0.060995907
52.46,0.01,-0.060224442
52.48,0.00,-0.059416215
52.50,0.00,-0.058578267
52.52,0.00,-0.057718349
52.54,0.00,-0.05684602
52.56,-0.01,-0.055973049
52.58,-0.01,-0.055109315
52.60,-0.01,-0.054257201
52.62,-0.01,-0.053414201
52.64,-0.01,-0.052579418
52.66,-0.01,-0.051753666
52.68,0.00,-0.050935367
52.70,0.00,-0.050116953
52.72,0.00,-0.049286363
52.74,0.01,-0.048430248
52.76,0.01,-0.047535568
52.78,0.01,-0.046594797
52.80,0.01,-0.045608321
52.82,0.01,-0.044579741
52.84,0.01,-0.043511565
52.86,0.01,-0.042403716
52.88,0.01,-0.041254625
52.90,0.01,-0.040065237
52.92,0.00,-0.038842311
52.94,0.00,-0.037596418
52.96,0.00,-0.036337142
52.98,0.00,-0.03506898
53.00,0.00,-0.033792036
53.02,0.00,-0.032507531
53.04,0.00,-0.031220698
53.06,0.00,-0.029938985
53.08,-0.01,-0.028670454
53.10,-0.01,-0.027421479
53.12,0.00,-0.026191947
53.14,0.00,-0.024976155
53.16,0.00,-0.023767216
53.18,0.00,-0.022561458
53.20,0.00,-0.021361525
53.22,-0.01,-0.020173377
53.24,-0.01,-0.019003088
53.26,-0.01,-0.017854448
53.28,-0.01,-0.016727961
53.30,-0.01,-0.015623045
53.32,-0.01,-0.014540935
53.34,-0.01,-0.013487584
53.36,-0.01,-0.012472561
53.38,-0.01,-0.011506253
53.40,-0.01,-0.010596661
53.42,-0.01,-0.009746903
53.44,-0.01,-0.008956012
53.46,-0.01,-0.008218634
53.48,-0.01,-0.007526436
53.50,0.00,-0.006870499
53.52,0.00,-0.006242624
53.54,0.00,-0.005639228
53.56,0.00,-0.005061852
53.58,-0.01,-0.004513754
53.60,-0.01,-0.00399891
53.62,-0.01,-0.003521716
53.64,-0.01,-0.003086487
53.66,-0.01,-0.002695957
53.68,-0.01,-0.002348376
53.70,0.00,-0.002038315
53.72,0.00,-0.001760563
53.74,0.00,-0.00151123
